0.843229,-0.812969,0.698632,0.000000,0.000000,0.495650,-0.884206,0.831215,0.108620,0.000000,0.000000,0.414893,-0.919978,0.000000,0.403993,0.000000,0.484521,0.000000,-0.604319,-0.864433,0.632865,0.000000,-0.887581,0.000000,0.067396,0.000000,-0.717427,0.000000,-0.630162,0.367046,0.000000,0.000000,0.779245,0.038341,0.743593,-0.891509,-0.106277,0.000000,-0.740554,0.000000,0.000000,0.000000,0.076037,0.000000,0.000000,-0.516080,0.000000,-0.786504,0.489711,0.000000,0.000000,0.616479,0.000000,0.000000,0.000000,0.010852,-0.881420,0.000000,0.000000,0.000000,0.819403,0.000000,0.891625,0.000000,-0.738142,0.000000,0.636033,0.870983,0.206636,0.899233,-0.265589,-0.910325,-0.671666,0.387044,0.540333,-0.648214,0.872361,0.700921,0.553486,0.000000,0.526946,0.000000,0.000000,0.000000,0.311645,-0.949227,-0.622710,0.109581,-0.621341,0.000000,-0.677929,0.434791,0.624088,-0.956140,0.000000,-0.936174,-0.970729,-0.736708,0.230097,-0.051874,
0.689061,0.000000,0.000000,0.000000,-0.945791,0.000000,-0.246327,0.492243,0.234393,-0.358155,0.000000,-0.440864,-0.294145,0.316925,0.975710,0.000000,0.073636,0.000000,0.797312,-0.737304,-0.819537,-0.290930,-0.727145,0.000000,0.000000,0.000000,0.495980,0.392546,0.000000,-0.634684,-0.656208,0.000000,0.000000,-0.725064,0.000000,-0.499766,-0.264659,0.000000,-0.985842,-0.333143,0.000000,0.224022,-0.993772,0.000000,0.000000,0.000000,0.000000,0.929736,0.000000,0.000000,0.000000,-0.040095,-0.319159,-0.871188,0.000000,0.000000,0.367803,0.690767,0.971843,0.000000,-0.515237,0.848706,0.000000,0.000000,0.143684,0.274583,0.000000,-0.062591,0.000000,0.885412,0.000000,-0.405935,-0.662073,0.000000,-0.699049,-0.495139,-0.719553,0.312567,0.000000,0.565152,-0.754054,0.000000,0.323160,-0.260731,-0.831024,0.000000,0.000000,-0.828141,0.000000,0.000000,-0.351506,0.647148,0.000000,-0.197619,0.000000,0.000000,0.000000,0.000000,0.212941,0.000000,
-0.273395,0.000000,0.164154,0.895381,0.000000,0.000000,0.466333,0.198202,0.525673,-0.902659,-0.151679,-0.071760,0.165213,0.554466,0.000000,0.999110,0.000000,0.952793,-0.143015,0.690403,0.983901,0.000000,0.000000,0.241326,0.985589,0.000000,-0.157024,0.000000,0.000000,-0.884595,0.218903,0.138512,0.409063,-0.448861,0.577213,-0.541546,0.854285,0.000000,0.000000,0.000000,0.222749,-0.452211,0.000000,0.000000,0.000000,0.524184,0.525205,-0.853557,0.000000,-0.409546,0.287133,-0.661793,-0.693554,-0.460588,-0.820926,0.436861,0.000000,0.000000,-0.883232,0.944653,0.000000,0.000000,-0.586456,-0.662532,-0.375663,-0.133149,-0.374527,0.802484,0.699417,-0.814653,0.000000,-0.000877,0.675673,0.756275,0.000000,0.000000,-0.367298,-0.155744,0.291549,-0.516136,0.000000,0.000000,-0.412305,-0.062473,-0.591542,-0.385172,-0.087095,0.846359,0.000000,-0.713358,-0.084105,0.000000,0.878152,0.000000,-0.584577,0.000000,-0.497958,-0.294106,0.000000,-0.903959,
0.739364,0.000000,0.094835,-0.884654,0.000000,0.384696,0.079280,-0.593135,0.161134,0.000000,0.000000,-0.437041,0.000000,0.888919,0.000000,0.000000,0.077684,0.000000,-0.546800,0.000000,0.118251,-0.960824,0.000000,0.561552,0.000000,0.000000,0.738883,-0.564413,0.365699,0.000000,-0.703127,0.000000,0.000000,0.410460,0.000000,0.000000,-0.626284,0.000000,-0.053184,0.000000,0.148544,0.000000,0.000000,0.213877,0.000000,-0.587377,0.524414,0.369065,-0.249890,0.000000,0.000000,-0.042366,0.000000,0.000000,0.008758,0.231598,-0.639223,0.529914,-0.189149,0.000000,0.640843,-0.823031,-0.853781,-0.338215,0.000000,0.000000,0.037257,-0.047216,0.000000,0.207067,-0.267067,0.000000,0.105380,-0.013099,0.344940,0.375873,0.000000,0.380788,0.000000,-0.097237,-0.071717,0.000000,0.000000,-0.154050,0.000000,0.709810,0.815396,-0.543203,0.000000,0.000000,0.000000,-0.295460,0.000000,0.000000,0.278802,0.000000,0.544445,0.000000,0.000000,-0.474932,
-0.380117,0.284831,0.000000,0.224552,0.000000,0.753002,-0.099878,0.000000,0.410780,0.000000,-0.915119,0.000000,-0.813223,-0.643829,0.984770,0.000000,0.007867,0.631082,0.078902,-0.515904,-0.846989,0.000000,-0.214352,0.000000,0.000000,-0.518782,0.000000,-0.949625,0.135693,0.000000,0.000000,0.183914,-0.050746,0.000000,0.305517,0.000000,0.584480,0.000000,-0.458431,0.000000,-0.603406,0.883822,0.000000,-0.216622,0.268789,0.387307,0.848729,0.522909,0.000000,0.000000,-0.170400,0.236115,-0.835890,-0.903773,0.000000,-0.662118,0.923534,0.000000,-0.600433,0.022496,-0.800214,-0.455392,0.000000,-0.293413,0.601152,0.000000,-0.647394,0.000000,0.640004,-0.176284,0.000000,-0.475141,-0.128586,0.784295,0.000000,0.306937,0.999834,-0.680741,-0.049667,0.090742,-0.456681,0.000000,0.864842,0.000000,-0.249587,0.000000,0.000000,0.432518,0.000000,0.000000,0.905757,-0.119983,-0.886869,0.000000,0.338839,-0.484253,0.285555,-0.427037,0.000000,0.000000,
-0.088760,0.000000,-0.120702,0.563768,0.000000,-0.350824,-0.059871,-0.631612,0.000000,0.000000,0.000000,0.313293,-0.654345,0.551392,-0.499107,-0.694905,0.523728,0.000000,-0.464767,0.176375,-0.089512,0.000000,-0.814290,-0.931178,0.873047,0.605440,-0.338744,0.887421,0.000000,0.000000,-0.812879,-0.884067,0.000000,-0.291572,0.943394,0.707272,-0.821179,-0.091254,-0.867225,0.000000,0.000000,0.505234,-0.925073,-0.476551,-0.601100,0.000000,0.554290,0.425146,0.000000,-0.109235,-0.914052,0.000000,0.000000,0.000000,-0.390977,0.658017,0.979909,0.703354,-0.482023,0.625429,0.236913,-0.940196,0.976525,-0.508567,0.000000,0.863509,0.000000,0.333329,0.000000,0.528874,0.000000,0.000000,0.000000,0.000000,0.000000,0.000000,0.000000,-0.930907,-0.869577,0.000000,0.000000,-0.635732,0.000000,-0.392094,0.000000,-0.242684,0.481049,0.000000,0.042558,0.000000,0.000000,-0.974185,0.000000,-0.829597,0.298137,0.000000,0.000000,0.998044,0.000000,-0.957637,
-0.459576,-0.207760,0.000000,0.557802,-0.967465,-0.316204,0.000000,-0.700422,-0.833780,0.393951,0.000000,0.753800,0.000000,0.000000,0.139919,-0.881841,0.000000,0.986315,-0.753933,0.000000,0.284847,-0.971537,0.846755,0.088192,0.727589,-0.588752,0.000000,0.607727,0.479619,0.353262,0.914529,0.000000,0.000000,-0.615399,-0.392683,-0.688473,0.000000,0.000000,0.000000,0.000000,-0.651648,0.000000,0.879429,0.000000,0.181683,0.000000,0.650558,0.000000,-0.487976,0.494207,-0.174110,0.000000,-0.131638,-0.813408,0.000000,0.000000,-0.240209,-0.808182,-0.147415,0.000000,0.000000,0.764069,-0.028238,0.000000,-0.145672,-0.740757,0.880867,0.105804,0.248986,-0.566260,-0.576165,-0.492297,0.000000,-0.699323,-0.701755,0.300344,0.760715,-0.786946,0.000000,-0.504197,0.000000,-0.527479,-0.802052,-0.349312,-0.250428,0.031079,0.095330,0.000000,0.490294,0.404499,0.000000,-0.974332,0.000000,0.000000,-0.832146,0.805660,0.000000,-0.953617,0.000000,-0.747917,
0.155057,0.000000,-0.974219,0.978840,0.642353,0.715134,0.000000,0.000000,0.723193,0.663214,0.026626,0.582001,-0.690735,-0.520722,-0.080883,-0.211860,0.260221,0.997759,0.986908,0.000000,0.000000,0.605309,0.829366,0.592968,-0.352250,-0.977786,-0.831444,0.000000,0.000000,0.530311,0.000000,-0.795560,0.000000,-0.982423,-0.323159,0.752560,0.000000,0.913060,0.000000,0.416464,-0.466061,0.000000,0.000000,-0.478558,0.000000,-0.805324,0.000000,0.966039,0.285985,-0.648180,0.144564,0.000000,-0.191970,0.000000,-0.551328,0.000000,0.000000,-0.494525,-0.806522,0.821714,0.000000,-0.083008,0.000000,0.891603,-0.258203,-0.292738,0.073826,0.000000,0.270814,0.986892,-0.329308,-0.421847,-0.114398,0.997268,0.000000,-0.338193,0.000000,0.000000,0.000000,0.057105,-0.732932,0.000000,0.551900,0.000000,-0.104609,0.300293,0.673864,0.000000,0.000000,0.874631,0.493127,0.000000,0.000000,0.000000,0.000000,-0.579145,0.000000,-0.957852,-0.717975,0.578243,
0.000000,0.243828,-0.565712,0.000000,0.663659,0.000000,0.000000,0.234217,0.443109,-0.493414,0.000000,0.007498,0.690344,0.683479,0.353297,-0.051278,0.000000,-0.928715,0.000000,-0.223221,0.923480,-0.769218,-0.323720,0.941528,0.117218,0.941732,0.577968,0.000000,0.598048,0.000000,-0.534966,-0.341996,0.193176,0.000000,0.000000,0.000000,0.432113,0.000000,0.000000,0.000000,0.696763,-0.867639,0.832616,-0.598694,0.000000,0.582094,0.821393,-0.830452,0.547965,-0.921417,0.478870,-0.559263,0.345497,0.000000,-0.574783,0.132850,-0.353273,-0.285999,0.000000,0.000000,0.970233,0.000000,0.000000,0.000000,0.000000,0.000000,0.000000,-0.156887,-0.991097,0.000000,0.527356,0.954119,0.000000,-0.606360,0.989723,-0.647786,0.082097,0.000000,0.000000,0.614994,0.000000,0.000000,0.000000,0.000000,0.656557,0.000000,-0.758082,0.000000,0.000000,0.925215,0.256481,0.000000,-0.973440,0.000000,-0.125315,-0.688344,-0.041205,0.838755,0.974814,-0.639662,
0.000000,-0.311210,0.000000,-0.526660,0.000000,0.159350,0.386556,0.000000,-0.615395,0.000000,0.247672,-0.036531,0.713939,0.000000,0.000000,0.000000,0.286831,0.000000,0.417543,0.596386,0.000000,-0.576515,0.000000,0.341711,-0.394569,0.000000,-0.551148,0.000000,-0.589688,0.000000,0.000000,0.000000,0.000000,0.189335,-0.867252,0.209655,0.000000,0.000000,0.000000,0.000000,-0.689915,0.740694,-0.440487,0.000000,-0.127661,-0.404880,0.451201,-0.980923,0.689597,0.000000,0.562502,-0.972382,0.614323,0.000000,-0.205272,-0.545053,0.699284,0.000000,0.030888,0.388400,-0.273212,0.000000,-0.774550,0.000000,0.043310,0.000000,0.000000,0.000000,0.000000,-0.981122,0.203779,0.000000,0.000000,0.975767,0.000000,-0.939579,0.899260,0.000000,0.000000,0.971986,0.000000,0.000000,-0.993892,0.631949,-0.949291,-0.435449,0.665820,-0.731784,0.909858,-0.537826,-0.285605,-0.636308,0.316755,-0.046764,-0.561721,-0.838830,0.000000,-0.269677,-0.383933,-0.683140,
0.000000,-0.956835,-0.437059,0.000000,0.000000,0.000000,-0.735997,0.025906,0.000000,0.000000,-0.394676,0.000000,0.000000,0.000000,-0.076070,-0.870730,0.808068,0.000000,0.000000,0.659216,0.711630,0.228127,-0.197564,0.000000,0.096911,0.210691,0.068783,-0.187600,0.655697,0.000000,0.475279,0.000000,0.000000,0.953632,0.940815,0.763602,0.112264,-0.392212,0.000000,0.144547,-0.526689,-0.039965,-0.222055,-0.362118,0.381850,0.000000,0.280222,0.708712,0.000000,0.000000,0.000000,-0.847776,0.000000,0.000000,0.274086,-0.724220,0.000000,0.185845,0.000000,0.000000,0.000000,0.496980,0.939961,0.000000,0.999449,0.000000,-0.446182,-0.610338,-0.242602,0.000000,0.709766,0.000000,-0.277383,0.000000,0.000000,-0.216399,0.213544,0.000000,0.662547,0.000000,0.000000,-0.820904,0.000000,-0.852202,-0.038502,-0.346281,0.110125,-0.366796,0.657161,0.932456,0.000000,-0.356379,-0.093739,0.236084,-0.568357,-0.417140,0.763142,0.825290,0.000000,-0.431939,
0.432738,0.000000,0.000000,-0.100651,0.000000,0.008725,-0.539986,0.171883,0.624622,0.000000,-0.060084,0.252997,0.000000,-0.185752,-0.091233,0.343728,-0.477291,-0.919551,0.000000,0.000000,-0.409449,0.000000,-0.523091,-0.782396,0.000000,-0.182793,0.949559,0.472640,0.490891,0.952458,0.000000,0.000000,0.000000,-0.883031,-0.636713,0.283659,-0.060476,-0.071558,-0.074763,-0.345409,-0.488751,0.000000,-0.781168,-0.503084,0.000000,0.714454,0.750605,0.000000,0.379461,0.105001,0.000000,0.380008,0.000000,0.000000,-0.346762,0.000000,0.829925,-0.435025,0.862388,-0.353034,0.000000,-0.064889,-0.813060,0.000000,-0.890699,-0.165701,0.000000,-0.576093,0.021124,0.000000,-0.426062,0.000000,-0.106408,0.712536,0.000000,-0.817653,-0.827674,0.714636,-0.931591,-0.842189,0.000000,0.000000,0.000000,0.000000,0.000000,-0.397562,-0.801887,0.121551,0.295672,0.000000,0.383072,0.000000,0.544883,-0.557509,-0.772928,-0.474594,0.830203,-0.915578,-0.273016,-0.507154,
0.465901,-0.157623,-0.138977,-0.854073,-0.163554,-0.046196,0.000000,0.000000,0.000000,-0.586632,0.000000,-0.768890,0.207621,0.000000,0.434414,0.000000,0.151333,0.488551,0.299349,0.000000,0.000000,0.000000,0.000000,-0.250855,0.000000,0.000000,-0.991712,0.632020,0.000000,0.469122,-0.312496,-0.126278,-0.724933,0.000000,-0.155647,-0.263168,0.317054,-0.501033,-0.913532,0.000000,0.000000,-0.985965,-0.594360,0.891425,0.000000,0.899369,0.853771,0.501735,0.709041,0.692526,-0.719976,-0.181098,-0.810173,0.173593,0.528863,0.000000,0.000000,-0.015983,0.124949,0.414835,0.000000,0.000000,0.000000,0.000000,0.000000,0.000000,0.000000,0.000000,0.371783,0.000000,0.000000,0.909925,-0.108781,0.000000,0.693776,0.431708,0.000000,0.000000,0.000000,0.000000,-0.950525,-0.482119,-0.999052,-0.171917,-0.891145,0.605474,0.806614,0.234035,0.000000,-0.200889,0.000000,0.000000,-0.758781,0.773002,0.102406,0.000000,0.000000,-0.002030,0.000000,0.000000,
-0.585868,-0.913030,0.330648,0.851889,-0.312957,-0.653379,-0.042187,0.577323,-0.369502,-0.950490,0.711046,-0.725562,0.000000,0.000000,-0.911825,0.274279,0.722398,0.000000,-0.715155,0.000000,0.136171,0.000000,-0.905677,0.000000,-0.330749,0.670543,0.010374,0.000000,0.154038,0.000000,0.000000,0.651225,0.000000,-0.293302,0.000000,0.000000,0.347740,-0.082934,0.000000,0.000000,-0.237451,0.526071,0.000000,-0.044033,0.487714,-0.599248,0.191313,0.745026,0.067983,-0.757741,-0.009919,0.000000,-0.327217,0.000000,0.300015,0.000000,-0.656477,0.700109,0.909122,0.182983,0.739780,-0.845963,-0.868801,0.827130,0.000000,0.556197,0.821467,0.000000,0.000000,0.703967,0.000000,0.000000,0.000000,0.261196,0.000000,-0.832543,0.679181,-0.616858,0.000000,0.000000,-0.447028,-0.305186,0.534178,0.000000,0.000000,0.000000,-0.042040,0.000000,0.318807,0.136599,0.000000,0.000000,0.701773,0.703840,0.931942,0.000000,0.904591,0.353360,0.000000,0.765756,
-0.940674,-0.772214,0.000000,0.529277,0.000000,0.000000,-0.166437,-0.511608,-0.975208,0.000000,-0.097140,-0.941758,-0.227637,0.964126,0.000000,0.197323,0.491187,0.000000,0.000000,0.542206,-0.145251,0.000000,0.745725,0.000000,0.000000,0.000000,0.690925,0.000000,0.000000,0.000000,-0.091238,-0.236824,-0.570803,0.884700,-0.085964,0.811624,0.000000,0.000000,0.000000,0.337342,-0.500786,-0.644792,0.000000,0.000000,0.000000,-0.205360,0.116824,0.169593,-0.910011,0.978248,0.513177,-0.179138,-0.801876,0.141022,-0.611488,0.000000,0.000000,0.852921,0.000000,0.548388,-0.716178,0.000000,0.343697,0.137215,-0.517417,0.000000,0.364874,0.000000,0.000000,0.000000,0.748716,0.938792,-0.482686,0.203750,0.000000,0.000000,0.000000,0.019684,0.331181,0.326684,0.393042,0.000000,0.263337,-0.556233,-0.680906,0.000000,-0.553192,-0.701839,0.816789,0.000000,-0.846604,0.000000,0.553805,-0.622631,0.000000,-0.996171,0.585939,0.311607,0.000000,0.767480,
-0.878754,-0.554968,0.000000,0.806556,-0.418766,0.000000,0.000000,-0.281617,0.000000,0.000000,-0.473272,0.000000,0.000000,0.596164,0.210003,0.000000,-0.382992,0.000000,0.000000,-0.894781,0.000000,-0.792110,0.255796,-0.652821,0.769209,0.000000,-0.102426,-0.756113,-0.137279,0.500805,0.000000,0.884722,-0.491399,0.000000,0.496155,0.000000,0.829365,0.396562,0.470426,0.602273,-0.396207,0.761045,-0.710759,-0.214280,0.000000,-0.779207,-0.822603,-0.386463,0.000000,0.140906,-0.853846,-0.375046,0.975987,0.149868,0.000000,0.702545,0.000000,0.713109,0.000000,-0.515798,-0.593812,-0.291646,0.446422,-0.622245,-0.062693,0.000000,0.000000,-0.935531,0.000000,0.000000,-0.813143,0.894231,0.999189,0.565467,0.632889,-0.418668,0.000000,-0.564433,-0.975374,0.000000,0.122545,-0.999215,0.713044,-0.427136,-0.104578,-0.751420,-0.817328,0.502200,-0.893831,-0.918086,0.364032,0.778554,0.000000,0.988326,0.000000,0.372005,-0.762682,0.000000,0.000000,0.000000,
-0.947145,0.000000,0.682600,0.000000,-0.757726,0.911456,0.365501,0.132277,-0.375442,0.000000,-0.959398,-0.350434,0.310731,0.599574,0.785276,0.507289,0.000000,0.327409,0.000000,0.860304,-0.774052,0.000000,0.303749,0.158537,0.859329,0.000000,-0.761220,0.000000,0.000000,-0.202125,0.132297,0.000000,0.826713,0.000000,0.000000,0.265302,-0.390506,-0.825814,0.000000,0.000000,0.000000,-0.463438,0.352343,-0.858586,0.000000,-0.914818,-0.141931,-0.455657,0.000000,-0.406071,0.018632,0.577133,0.000000,-0.717246,0.000000,0.033307,0.000000,0.000000,0.000000,0.000000,0.000000,0.220383,0.941723,0.229419,0.384525,0.000000,-0.209533,-0.333802,-0.684511,0.000000,-0.678395,-0.512566,-0.874231,0.000000,-0.038192,0.000000,0.000000,0.306053,0.000000,0.000000,-0.251318,-0.660125,0.533745,0.589456,-0.508598,0.000000,-0.616345,-0.391764,0.061757,0.000000,0.000000,0.556064,0.099137,0.550290,-0.586739,0.668394,0.800225,0.000000,0.000000,-0.407919,
0.000000,-0.460695,0.000000,0.021368,0.000000,-0.287625,0.220843,0.000000,0.000000,0.000000,0.437132,0.681054,-0.626325,0.443967,0.000000,-0.899411,0.000000,0.000000,-0.933223,0.888095,0.154041,0.082846,0.184773,0.000000,-0.916614,0.258430,0.828142,0.153086,-0.322000,0.000000,0.000000,-0.004753,0.000000,0.000000,0.000000,0.000000,-0.806821,-0.746001,-0.944805,0.609077,-0.675655,0.128176,0.861225,-0.982690,0.130824,-0.428688,-0.015221,0.000000,0.000000,-0.250762,-0.144890,0.357010,-0.834996,0.798879,0.857070,-0.421212,0.000000,0.000000,0.000000,0.842268,-0.244088,-0.438164,0.240613,0.753681,0.000000,0.585250,-0.645836,-0.621900,0.881142,0.000000,0.000000,0.000000,0.000000,-0.525846,-0.021065,0.356057,0.712867,0.641688,-0.922706,0.000000,0.007808,0.000000,0.219932,0.404742,0.000000,0.000000,0.000000,-0.320766,-0.272065,0.139322,0.974213,-0.929154,-0.226618,0.111367,-0.472277,0.000000,0.477865,-0.402825,-0.086186,-0.332553,
0.000000,0.925035,-0.335473,0.108060,0.155161,0.651631,-0.912479,0.000000,0.000000,0.154584,0.605714,-0.093831,-0.623180,0.000000,-0.603622,0.000000,-0.639795,-0.492303,0.000000,0.000000,0.626940,0.000000,0.000000,0.000000,-0.868011,0.000000,-0.050935,0.761812,-0.674786,0.000000,-0.139502,-0.258361,0.483015,0.000000,-0.439365,-0.393406,0.000000,0.000000,0.173441,-0.141037,0.865125,0.000000,0.000000,-0.264626,-0.749443,-0.675596,0.523018,-0.815038,-0.942995,-0.624373,-0.897628,0.223250,-0.922065,0.716423,0.000000,0.208735,-0.607102,0.271249,0.000000,0.000000,0.639180,0.000000,0.000000,-0.005898,-0.512183,0.942368,-0.704192,0.328536,0.000000,-0.207576,0.000000,0.489608,0.000000,0.700574,0.422577,-0.262481,0.000000,-0.279820,0.901964,0.846335,0.427757,-0.827852,-0.114138,-0.328792,0.000000,-0.550292,0.173281,0.000000,0.000000,-0.295173,0.000000,0.000000,-0.266440,0.000000,0.000000,0.000000,0.000000,0.000000,0.000000,0.000000,
0.000000,0.248286,0.355615,-0.805668,-0.756572,-0.611173,-0.245115,-0.551709,0.567579,0.000000,0.289306,-0.904397,0.000000,-0.798282,-0.953256,0.835280,0.575430,-0.443547,0.000000,0.000000,0.000000,0.813023,0.000000,-0.979710,-0.102794,0.367229,0.000000,-0.915305,0.000000,0.332417,0.000000,0.067790,0.000000,0.000000,0.017889,0.000000,0.130185,-0.634425,0.000000,0.952368,0.000000,-0.561356,0.358489,-0.490186,0.099305,-0.249057,0.947207,0.000000,-0.309518,0.144958,0.367657,0.156339,0.896229,0.000000,0.990489,0.680615,0.000000,-0.489927,0.000000,0.883846,-0.366212,0.000000,0.322137,0.000000,0.000000,-0.848309,0.000000,0.933060,0.000000,0.000000,-0.393109,-0.575860,0.039306,0.000000,-0.386408,-0.195026,0.000000,0.000000,0.000000,0.000000,0.841781,0.000000,0.551747,0.625604,0.930701,0.000000,0.294972,0.000000,0.401735,0.000000,0.000000,0.000000,0.000000,0.885396,-0.987381,0.000000,0.165236,0.000000,-0.115447,-0.774281,
0.485023,0.000000,-0.712797,-0.200876,0.000000,0.769931,-0.865728,0.252657,-0.250478,-0.165563,0.000000,0.960294,0.000000,0.995794,-0.065793,0.159307,0.000000,0.772842,0.573107,0.000000,0.000000,-0.355597,0.536079,-0.036746,0.000000,0.471676,0.726540,-0.059310,0.309002,-0.292283,-0.036784,0.000000,0.418166,-0.019219,-0.651225,-0.837106,0.693076,0.665773,0.243920,-0.243539,-0.788570,0.026701,0.636723,0.305631,-0.972239,0.690860,0.000000,0.000000,0.005731,0.417251,0.994724,0.000000,0.000000,0.990525,0.000000,0.000000,0.190485,0.000000,0.000000,0.000000,0.000000,0.000000,0.000000,0.000000,0.059521,-0.121401,0.000000,0.000000,0.000000,-0.832545,0.000000,-0.344530,0.163416,0.680684,0.436020,0.073160,0.890534,0.055165,-0.963441,0.000000,-0.761576,0.000000,0.828911,0.227236,-0.361506,0.676000,-0.702389,0.000000,0.881894,0.353226,-0.468446,0.000000,0.000000,-0.231850,0.000000,-0.388315,0.000000,-0.798999,0.679965,-0.608472,
0.177819,0.022972,0.000000,0.000000,-0.215043,0.272189,0.592935,0.098491,-0.431137,0.363074,0.000000,0.000000,0.424728,0.000000,0.000000,-0.867415,0.000000,0.506734,0.073309,0.000000,0.000000,0.105854,-0.037528,-0.784101,0.000000,-0.821045,0.000000,0.000000,0.901630,0.000000,0.210604,0.000000,0.000000,-0.307365,-0.858327,0.000000,0.000000,0.000000,-0.172519,0.000000,0.857033,0.000000,0.515910,0.000000,0.012052,0.074478,0.097466,0.341552,0.460337,0.978684,0.000000,0.092797,0.000000,0.000000,0.432180,-0.435491,-0.495046,-0.076043,0.000000,0.000000,-0.735777,-0.132856,0.296705,0.000000,-0.841578,-0.318355,0.000000,-0.848684,0.889265,-0.285443,0.000000,0.000000,-0.879036,0.000000,0.617128,0.000000,0.691204,-0.509736,0.855393,-0.542202,0.000000,-0.860027,0.000000,0.000000,-0.015208,0.364136,0.000000,0.000000,0.000000,0.991178,0.519283,0.000000,0.383238,0.233417,0.000000,0.076332,-0.505073,0.342085,0.000000,0.000000,
0.293201,-0.001810,0.000000,0.000000,-0.184224,0.000000,0.456986,0.000000,-0.897880,0.771432,-0.441364,0.044189,0.638814,0.000000,0.000000,0.220146,0.000000,0.000000,0.389042,-0.833103,-0.276292,-0.208751,0.214095,0.000000,-0.151808,-0.555347,0.487292,0.749640,0.000000,0.000000,0.249876,0.828271,-0.453014,0.000000,0.288059,-0.987212,-0.042442,0.361691,0.839311,0.000000,-0.913999,-0.973717,-0.902753,0.218398,0.520432,0.000000,0.806721,0.000000,-0.682103,0.000000,-0.164953,0.151811,-0.840578,-0.670814,-0.503436,0.779231,-0.465437,0.000000,-0.721455,0.000000,0.000000,-0.112317,0.468445,0.395593,0.000000,0.636585,-0.840474,0.000000,0.000000,0.827837,0.933820,0.000000,-0.604130,0.789576,-0.368786,0.125326,0.000000,0.000000,-0.029485,-0.875638,0.794599,0.984509,-0.181908,-0.075659,-0.036016,-0.164255,0.000000,0.826174,-0.912085,0.990125,0.000000,0.000000,0.179586,0.265574,0.000000,-0.234221,0.000000,0.000000,-0.065584,0.527350,
-0.292635,-0.550360,0.000000,0.453661,0.024150,-0.785514,0.569350,-0.534517,0.305673,0.083232,0.662314,-0.282928,-0.866821,0.000000,0.000000,0.056680,0.000000,-0.799580,0.000000,0.000000,0.436372,-0.281994,0.000000,-0.973564,0.000000,-0.010134,-0.783704,0.507505,0.846287,0.000000,-0.416745,-0.961493,0.000000,0.705906,-0.154091,0.000000,0.000000,0.617371,0.000000,0.006458,-0.444406,0.282106,0.476365,0.000000,0.140088,0.808848,0.000000,0.000000,0.768955,0.813464,0.973480,-0.274115,0.000000,-0.396831,-0.054470,0.000000,-0.527492,-0.767153,0.059192,-0.286028,0.000000,-0.936980,-0.929004,0.000000,-0.963965,0.879341,-0.274563,0.225571,0.000000,-0.925055,0.887568,0.236260,0.000000,-0.725907,0.592714,0.000000,0.610422,0.000000,0.000000,0.224069,0.000000,0.499190,-0.369503,-0.651608,-0.210843,0.000000,0.759152,-0.876363,-0.973747,0.673946,0.000000,-0.933175,-0.769476,0.000000,0.000000,0.800186,0.000000,0.000000,0.874214,0.000000,
0.000000,0.000000,0.547342,-0.761466,0.385377,-0.065478,0.987856,-0.625935,0.561710,-0.679650,0.313473,0.000000,0.000000,-0.763313,0.445045,-0.848236,-0.125579,0.000000,-0.197066,0.000000,0.593140,-0.067546,0.387688,0.000000,0.233202,0.989575,0.000000,0.000000,0.011200,0.000000,-0.785739,-0.507430,0.868901,-0.765841,0.611046,-0.911079,0.000000,-0.827887,0.204183,0.102730,0.105309,0.325026,0.255704,0.000000,0.000000,0.413500,0.000000,-0.006785,0.449356,-0.049053,0.634218,0.401681,0.777887,-0.817888,-0.963329,0.000000,0.860174,0.548987,0.500220,0.000000,-0.171195,-0.858497,0.411802,-0.589823,0.989500,0.000000,0.814614,0.000000,-0.793031,0.313356,0.000000,-0.525066,-0.769081,0.229426,-0.138808,0.948097,0.407678,0.000000,-0.166355,0.000000,0.458118,0.000000,0.369367,0.760593,0.000000,0.089846,0.451027,-0.956597,0.000000,-0.681764,0.909950,0.987792,-0.752869,0.000000,0.079091,0.235288,-0.117013,-0.329547,0.000000,0.000000,
-0.081366,0.734172,-0.670044,-0.191984,0.381911,0.000000,-0.276952,0.533186,0.811877,0.000000,0.000000,-0.504134,0.639156,-0.644902,0.000000,0.268205,0.000000,0.945350,-0.333699,0.451294,0.866731,-0.175872,0.745043,0.000000,-0.210208,0.637319,-0.340850,-0.139350,0.000000,0.000000,-0.293460,0.213806,0.000000,-0.794962,-0.295867,-0.072726,0.000000,0.997933,-0.776054,0.000000,0.522790,-0.399025,0.000000,0.000000,-0.875611,-0.544461,0.000000,0.000000,0.000000,-0.539503,-0.476843,0.000000,-0.025594,0.156696,-0.355272,0.000000,0.000000,-0.965970,0.000000,-0.907572,0.000000,0.000000,0.720169,0.946077,-0.408203,0.000000,0.000000,-0.719489,0.000000,0.000000,0.242710,0.215399,0.025804,0.000000,0.000000,0.000000,-0.201487,0.000000,0.368188,0.000000,0.000000,0.665934,0.000000,-0.956876,0.000000,-0.260185,0.000000,-0.976649,0.327623,0.841867,-0.532536,0.214221,0.000000,-0.104674,-0.328516,0.160694,0.000000,-0.829481,0.132004,0.686695,
0.765795,0.107096,0.000000,0.535706,0.000000,-0.480579,0.000000,0.000000,0.282291,0.000000,0.277748,-0.069140,0.000000,0.000000,0.000000,-0.873280,0.000000,-0.608057,-0.317231,0.655194,0.139284,0.317611,-0.171552,0.773326,-0.637213,-0.085911,-0.654809,-0.060058,0.000000,-0.191195,-0.212569,0.787389,-0.345434,0.000000,0.000000,0.009173,-0.072918,0.825337,-0.937024,0.000000,-0.863596,-0.662767,0.865059,0.615650,0.035321,0.615193,0.000000,-0.359747,0.000000,0.984417,-0.070834,-0.348709,0.000000,-0.591033,0.000000,0.995477,0.721186,0.957999,0.000000,0.435478,0.219095,-0.578333,0.505154,0.000000,0.000000,0.000000,0.000000,0.000000,-0.220528,0.000000,0.000000,0.772748,0.000000,0.000000,-0.594652,0.122371,0.324534,-0.272795,-0.067974,0.150004,0.684123,0.000000,0.709889,-0.206244,0.062195,0.204414,-0.784417,-0.441165,0.000000,0.800501,0.000000,-0.638132,0.000000,-0.981251,0.000000,0.000000,0.154212,0.000000,0.000000,0.663621,
0.519995,-0.686201,0.646230,0.000000,0.000000,-0.312894,-0.069514,0.000000,0.191656,0.000000,0.000000,0.000000,0.268961,0.000000,0.000000,0.386717,0.000000,0.000000,0.000000,0.000000,0.142551,0.000000,-0.805358,-0.133693,-0.283084,0.087028,-0.419393,0.000000,-0.635251,-0.639908,0.000000,0.344461,0.088608,0.000000,0.000000,0.900771,-0.953315,-0.371618,0.000000,-0.619500,-0.991128,-0.021741,0.000000,-0.656541,-0.901981,-0.318587,-0.737284,-0.644296,0.000000,0.362192,-0.117230,0.000000,-0.998359,-0.938980,0.000000,0.000000,0.000000,-0.745731,0.727676,0.000000,0.000000,0.080347,-0.597329,0.300905,0.000000,-0.838782,-0.029468,0.000000,0.884437,0.000000,0.345439,0.482413,0.000000,0.000000,0.974056,0.000000,-0.946577,-0.492149,0.265305,0.460494,-0.306112,0.803826,-0.992400,-0.637306,0.000000,0.946083,0.000000,0.699634,0.000000,0.528974,0.331871,-0.937971,0.000000,0.000000,-0.931647,0.000000,0.000000,-0.722566,0.352784,0.000000,
0.609131,0.000000,-0.537030,0.141366,0.000000,0.000000,0.267741,-0.465419,0.000000,0.952242,0.880377,0.000000,0.000000,0.000000,0.000000,0.187675,-0.231947,0.000000,-0.235846,0.000000,-0.370804,0.043725,-0.730548,-0.611478,0.130814,-0.070129,-0.664187,-0.116606,0.874145,0.000000,0.724563,0.000000,-0.766876,0.000000,0.000000,0.607393,-0.302836,0.000000,-0.698516,0.000000,-0.622978,0.000000,0.563623,-0.389900,0.297947,0.202444,0.411434,0.564071,-0.999509,0.000000,0.000000,0.237375,0.000000,-0.441138,-0.155870,0.000000,0.878067,0.744941,0.001421,-0.088083,-0.958375,-0.822728,0.014155,0.000000,0.816868,0.979673,0.000000,0.000000,-0.566224,0.769248,0.329337,0.919210,0.338219,-0.783784,0.000000,-0.456796,0.000000,0.842712,-0.587959,-0.758090,0.982086,-0.838247,0.000000,0.000000,0.000000,0.000000,-0.473789,0.000000,-0.762525,-0.298199,-0.363440,0.267385,0.000000,0.000000,-0.499798,0.556544,-0.636767,0.000000,0.000000,-0.987836,
0.069147,-0.104885,0.808778,0.000000,0.000000,0.729337,0.415646,-0.916639,0.498692,0.000000,0.000000,0.148308,0.000000,0.765012,0.876787,-0.988339,-0.278737,0.000000,0.863728,0.294326,-0.016880,0.000000,-0.152776,-0.761688,0.191652,-0.860694,0.036240,0.000000,0.000000,0.000000,0.098277,0.363278,0.000000,0.000000,0.459315,-0.153661,0.197228,0.916455,0.000000,0.342267,0.515881,-0.462547,0.275374,-0.883803,0.000000,0.000000,0.477303,0.000000,0.000000,-0.320978,-0.330522,0.512287,0.507240,0.000000,-0.219226,-0.779282,0.022298,-0.735214,-0.207805,-0.907619,0.335525,0.442714,-0.192398,-0.042251,0.309157,0.251025,0.000000,-0.228812,-0.780063,0.268793,0.000000,-0.001201,0.000000,0.935323,0.869291,0.595904,-0.959943,0.000000,0.007989,0.555582,0.000000,0.754424,0.769664,-0.925557,0.000000,-0.015993,0.000000,0.807372,0.000000,0.990143,0.389428,0.000000,0.000000,-0.338148,0.000000,0.000000,-0.954786,-0.294456,0.870174,0.000000,
0.553810,0.000000,0.080947,0.971170,0.000000,-0.031676,0.135963,-0.967876,0.739629,0.236349,0.000000,0.807081,0.000000,0.172827,0.968097,0.169312,-0.362633,0.321024,-0.545709,-0.257239,-0.765790,-0.715379,-0.877842,-0.323540,0.502802,-0.485934,0.000000,-0.380622,0.859228,0.000000,0.899595,0.501723,-0.003653,0.804491,0.000000,0.025719,0.038102,-0.660009,-0.194122,0.000000,0.000000,0.000000,0.000000,-0.821887,0.996656,0.000000,0.748808,0.738342,0.218741,-0.928318,0.000000,0.432551,0.610763,0.000000,0.543502,-0.872176,0.771050,0.000000,0.000000,-0.794608,0.512825,-0.073293,0.000000,-0.451321,0.000000,0.007031,0.000000,-0.330030,0.000000,-0.621218,-0.623513,0.424144,0.974992,-0.448147,0.000000,0.000000,-0.838231,-0.676493,-0.894676,-0.958206,0.729681,-0.504846,0.000000,0.000000,0.000000,0.000000,0.000000,0.340498,0.000000,0.000000,-0.918329,0.000000,-0.849505,0.000000,0.000000,0.000000,-0.433811,0.000000,0.523457,0.999885,
-0.896876,-0.300821,0.000000,0.000000,0.000000,0.000000,-0.126981,0.000000,0.000000,0.000000,0.000000,0.000000,-0.840698,-0.694249,0.587206,-0.847943,0.000000,0.000000,-0.533463,0.401138,-0.687663,0.292260,0.354678,0.000000,-0.419897,0.234795,-0.956643,-0.717857,-0.141153,0.963921,0.097470,0.000000,0.956435,0.000000,-0.235730,0.000000,0.109333,0.903518,-0.783253,0.000000,0.580683,0.963554,0.406840,0.000000,-0.711931,-0.266186,0.000000,0.000000,0.635685,0.543282,0.000000,0.000000,-0.026577,-0.270619,-0.916684,0.000000,-0.336981,0.000000,-0.925386,-0.489632,0.000000,-0.808675,0.000000,0.086924,0.000000,-0.894318,-0.409046,0.000000,-0.066077,-0.988510,0.445489,-0.028372,-0.372805,0.275594,-0.189757,-0.854802,0.838876,0.000000,-0.888355,-0.054397,-0.664481,-0.584976,0.000000,0.000000,0.106796,0.010825,-0.675538,0.000000,-0.981356,0.436056,0.000000,0.330061,0.026767,0.000000,-0.981208,0.000000,0.000000,0.000000,-0.790495,-0.934136,
0.707620,-0.330622,0.952057,0.607150,-0.355226,-0.634944,0.110005,0.000000,0.000000,0.000000,-0.721427,0.000000,0.000000,0.000000,0.565859,-0.495956,-0.314982,-0.669415,0.000000,0.000000,-0.598362,-0.704201,0.000000,-0.517235,0.000000,-0.096945,-0.472686,0.000000,-0.355121,0.000000,-0.672924,-0.314792,0.000000,-0.718374,0.000000,0.000000,0.000000,0.000000,-0.223248,0.447787,-0.192363,-0.317804,0.595065,-0.796871,0.972926,0.000000,0.000000,0.000000,-0.218754,-0.902246,0.000000,-0.556108,0.000000,-0.688993,0.689547,0.000000,0.000000,-0.472594,-0.835271,0.500332,-0.237035,-0.976353,-0.082601,0.201643,0.871108,-0.427966,0.000000,-0.280386,-0.765585,0.281649,0.000000,0.000000,0.000000,0.000000,-0.477723,-0.955728,0.360955,0.000000,-0.520862,0.000000,0.058587,-0.339569,0.000000,-0.250586,0.000000,0.214236,-0.953381,0.000000,0.000000,0.000000,0.000000,-0.797594,-0.137270,0.000000,-0.153647,-0.599507,0.643779,-0.241254,0.000000,0.298365,
-0.101097,0.000000,0.000000,-0.560311,0.556248,0.000000,-0.833778,0.414784,0.000000,-0.676581,0.000000,0.124531,0.418369,0.803788,0.815474,-0.879698,0.410185,0.000000,0.000000,0.142401,0.000000,0.000000,0.000000,0.000000,-0.691548,0.538020,0.000000,0.033407,-0.420330,0.331704,0.593679,0.130847,0.336170,-0.236244,0.847753,0.000000,-0.989884,0.346391,0.000000,0.392704,-0.434507,-0.617925,-0.082723,0.137221,-0.677448,0.335400,0.441690,0.367492,0.693353,0.000000,-0.289745,-0.113265,-0.797133,-0.912682,0.000000,-0.298777,0.863649,0.000000,0.632762,-0.806628,0.672058,0.032038,0.273997,0.000000,0.058816,0.000000,0.650623,0.000000,0.000000,0.330100,-0.461395,-0.892997,0.000000,0.000000,0.000000,0.000000,0.827782,-0.366951,0.000000,-0.544622,-0.140222,0.000000,-0.465824,0.000000,0.000000,-0.895140,0.000000,-0.518305,0.442126,0.417848,0.577345,0.944072,-0.649344,0.889045,0.000000,-0.894582,0.000000,-0.508699,0.296163,-0.551593,
0.000000,-0.703835,0.000000,0.796018,0.599422,0.000000,-0.332430,0.000000,0.000000,0.546166,-0.393009,-0.267261,-0.607819,-0.353249,0.000000,0.000000,0.000000,0.962762,-0.248430,0.000000,0.992956,-0.428095,0.689888,0.000000,-0.218915,-0.479516,0.000000,0.676379,-0.465134,0.000000,0.646205,0.000000,0.000000,0.164889,0.136389,0.881445,0.534521,-0.129038,0.396032,-0.922691,0.613421,0.000000,0.361718,0.000000,-0.394000,-0.732590,-0.819022,-0.972435,-0.392426,0.005385,0.000000,-0.671565,0.000000,0.000000,-0.664677,-0.646019,0.502678,-0.239989,-0.714266,0.293749,-0.544132,0.336101,-0.293378,-0.567036,0.000000,0.832572,0.845051,0.289473,-0.269659,-0.369133,0.000000,0.000000,-0.638916,-0.379971,-0.615826,-0.537858,0.083623,0.000000,-0.493325,0.000000,0.000000,-0.603454,-0.548413,-0.685462,0.000000,0.000000,0.688821,0.800889,0.506150,0.817925,0.151954,0.871566,0.339972,0.331388,0.000000,0.306270,-0.694288,-0.592109,0.000000,-0.115285,
-0.914699,0.000000,0.000000,0.581433,-0.445227,0.000000,0.000000,0.005711,-0.056794,-0.065393,0.274310,0.000000,0.000000,0.803399,-0.351183,0.000000,0.144585,-0.901532,0.000000,0.000000,0.471804,-0.696078,-0.553066,-0.824976,0.685567,0.783011,0.000000,0.437653,0.221566,0.755965,0.000000,-0.515733,0.000000,0.000000,0.000000,0.000000,0.000000,0.619581,-0.949819,0.000000,0.000000,-0.814758,0.000000,0.000000,0.000000,0.622437,0.000000,0.881887,-0.197471,0.783778,0.000000,0.000000,0.000000,0.000000,0.000000,-0.551730,-0.260891,-0.471424,0.000000,0.000000,0.515023,0.000000,-0.265214,-0.524767,0.000000,-0.218307,0.271844,0.000000,0.000000,0.000000,-0.892993,0.000000,0.000000,0.000000,-0.425742,0.000000,0.000000,0.626988,0.000000,-0.499847,0.384067,0.000000,0.000000,-0.179349,0.448450,0.935297,0.000000,0.547126,0.266496,0.000000,0.000000,0.000000,0.000000,0.000000,-0.723441,0.000000,0.000000,0.000000,0.000000,-0.849854,
0.000000,0.561967,0.000000,0.672573,0.031224,0.000000,-0.953717,0.000000,0.927018,-0.675574,-0.258689,0.930694,0.000000,0.000000,0.000000,0.011951,0.269601,0.000000,-0.969445,0.828822,0.153503,0.000000,0.000000,0.988730,-0.152674,0.791284,0.000000,0.000000,-0.272825,-0.669276,0.000000,-0.490858,0.000000,0.909570,-0.174124,-0.101465,-0.458365,0.956439,-0.240411,-0.186731,0.000000,-0.062463,-0.895851,-0.745030,0.000000,0.012206,-0.798785,0.032579,0.944516,0.000000,0.724177,-0.006179,0.000000,0.690458,-0.489763,0.928835,-0.928520,-0.228943,-0.418940,0.000000,0.754081,-0.840210,0.000000,0.960264,0.211181,-0.436073,-0.578799,0.354511,0.472510,-0.715496,0.656880,0.000000,0.000000,-0.083206,-0.357387,0.952280,-0.411728,-0.481338,0.000000,0.000000,0.000000,0.000000,-0.528183,-0.185051,0.000000,-0.287863,0.959899,0.000000,0.000000,0.300426,0.578882,0.835970,0.000000,-0.578667,-0.382547,0.000000,-0.944716,0.204103,0.000000,-0.690744,
0.000000,0.000000,0.876525,0.000000,-0.384133,0.000000,0.000000,-0.666037,-0.502069,-0.951198,0.000000,0.000000,0.000000,0.000000,-0.162309,-0.381936,-0.585379,0.000000,0.962044,0.216780,-0.015504,0.000000,0.000000,0.000000,0.625222,0.649286,0.000000,-0.809249,0.000000,-0.685736,0.000000,0.000000,0.000000,0.000000,0.000000,0.494372,0.662029,-0.599375,0.000000,0.000000,0.935345,-0.874221,0.666114,0.000000,-0.293882,-0.394573,0.939302,-0.064408,0.370537,0.946056,-0.124597,-0.386646,0.000000,0.000000,0.362407,-0.594289,0.363501,-0.877480,-0.636028,0.239676,0.000000,-0.951542,-0.243116,0.000000,0.616907,-0.870285,-0.457735,0.000000,0.000000,-0.465214,-0.769696,0.133721,0.000000,0.384156,0.000000,0.815277,-0.339717,-0.621894,0.419673,0.000000,0.973391,0.000000,-0.744509,0.312655,0.000000,0.000000,0.249834,0.000000,0.000000,0.293154,-0.192852,-0.763534,0.000000,0.000000,-0.781043,-0.396806,0.379835,-0.035536,0.282799,-0.678387,
0.000000,-0.358194,0.826953,0.622337,0.000000,-0.687563,0.074605,0.000000,0.000000,0.070012,0.000000,-0.104236,-0.066477,-0.049513,0.000000,0.621336,0.000000,-0.778160,-0.656982,-0.439665,0.000000,0.000000,-0.618292,0.919784,0.304824,-0.987404,-0.837659,-0.916213,0.065444,0.000000,0.000000,-0.345836,0.623577,0.000000,0.000000,-0.411211,0.000000,-0.351063,0.000000,-0.531358,0.000000,0.517168,0.000000,0.000000,0.967460,0.000000,0.000000,0.801465,0.000000,0.000000,-0.643103,0.463431,0.000000,-0.743750,-0.822549,0.024296,-0.686940,-0.517600,-0.932835,0.000000,0.189201,-0.763424,0.000000,0.246508,0.831627,0.605121,0.000000,-0.354485,0.563645,0.000000,0.000000,0.649176,-0.514223,0.000000,0.000000,-0.041553,0.687690,-0.095774,0.516359,0.000000,0.000000,0.454192,-0.957632,-0.969146,0.000000,0.206794,-0.776949,0.205093,-0.095803,0.000000,0.000000,-0.761853,0.687085,-0.914069,-0.063632,0.603427,0.000000,0.000000,0.000000,0.454129,
0.248834,-0.425006,0.000000,-0.331714,0.896428,0.586038,0.662380,-0.232115,-0.687975,-0.197451,0.000000,0.435204,0.499718,0.578725,0.871413,0.000000,-0.107583,-0.857859,0.903756,0.109792,0.976171,0.000000,0.278034,0.188806,-0.548823,-0.931967,0.023869,0.000000,0.193182,0.000000,0.000000,-0.599177,0.696411,0.826768,-0.974195,0.000000,0.000000,0.000000,-0.041153,0.000000,0.000000,0.000000,0.000000,-0.323640,-0.624165,0.000000,-0.951086,0.000000,0.000000,0.756193,0.695671,0.000000,0.202661,-0.434834,0.000000,0.000000,-0.885754,0.898942,-0.371803,0.583357,0.804098,0.000000,0.000000,-0.062956,0.000000,0.000000,-0.579344,-0.806076,0.832368,0.000000,0.000000,0.582778,0.000000,0.000000,0.000000,-0.863211,0.000000,0.000000,0.000000,0.820762,-0.152274,0.000000,0.000000,-0.782214,0.104189,-0.274084,0.000000,0.000000,0.743187,0.000000,0.000000,-0.750904,-0.158048,-0.935816,-0.808077,0.490380,0.848021,0.427216,-0.049435,0.000000,
-0.172312,0.000000,0.000000,0.386110,0.758767,0.000000,0.000000,0.000000,-0.390021,-0.582001,0.000000,0.731195,0.000000,0.000000,0.000000,0.000000,-0.639811,0.000000,0.233499,0.498115,0.052157,0.908772,0.393806,0.000000,-0.522615,-0.629387,-0.744417,0.675487,0.000000,0.000000,0.013796,0.637266,-0.086094,0.570812,-0.250191,0.317256,0.547357,0.000000,-0.159461,0.000000,-0.498229,0.000000,0.000000,-0.764973,0.000000,0.000000,0.000000,0.118131,0.000000,0.489795,-0.536057,0.789423,-0.509898,0.000000,-0.869343,0.294875,0.000000,0.190456,0.000000,0.000000,-0.882636,0.000000,-0.849127,0.005669,-0.778343,0.115716,-0.893033,0.492133,0.000000,-0.728192,0.000000,0.000000,-0.688403,0.050827,0.000000,-0.946053,0.000000,0.000000,0.000000,0.153252,0.977341,-0.750942,0.626448,-0.708877,0.000000,-0.865707,-0.319183,0.000000,0.000000,-0.814738,0.000000,0.000000,0.000000,-0.977478,-0.545134,-0.454710,0.228054,0.676980,0.000000,0.730640,
-0.733257,0.000000,-0.667337,-0.159795,0.000000,0.415147,-0.711355,0.425744,-0.408601,-0.696198,-0.037037,0.164201,0.213702,0.000000,0.737004,0.000000,-0.362662,0.000000,0.000000,0.000000,0.000000,0.444676,0.606807,0.000000,0.899314,-0.409016,0.000000,0.000000,0.000000,0.000000,0.068498,0.000000,0.895808,0.000000,0.214554,0.620382,0.000000,-0.134679,0.000000,0.000000,0.603834,-0.418573,-0.651141,-0.292325,0.000000,0.546889,0.000000,0.000000,-0.327049,0.917010,0.000000,0.774529,-0.915648,0.000000,0.613429,0.000000,0.649722,-0.145483,-0.802491,-0.588188,0.000000,0.196736,0.751168,-0.717690,0.618183,-0.228369,0.000000,-0.857220,0.000000,0.000000,0.201805,-0.671898,-0.189674,0.000000,0.000000,0.868050,0.060984,0.000000,-0.901538,0.000000,0.000000,0.311610,0.752621,0.000000,0.502658,-0.186765,-0.396003,-0.900321,0.000000,0.899751,0.000000,0.557962,0.877230,0.000000,0.000000,0.111879,0.870241,-0.178930,-0.769278,0.000000,
0.000000,0.075952,-0.058602,-0.693205,0.000000,-0.835812,-0.443823,0.052504,0.000000,0.000000,0.000000,0.500634,0.028087,0.000000,0.000000,-0.291904,0.000000,-0.575988,-0.745294,0.000000,-0.328723,-0.532534,-0.304026,0.357899,0.870955,0.000000,0.128035,0.911279,0.000000,0.000000,0.000000,0.081205,0.616273,0.000000,-0.510268,0.179573,-0.659894,-0.770426,-0.093617,0.936355,0.000000,0.000000,0.370470,0.126062,0.282377,0.000000,0.886549,0.000000,0.240731,0.000000,0.000000,0.185647,0.000000,0.000000,0.000000,0.938749,-0.105787,-0.363887,0.791916,0.000000,0.021293,-0.012450,0.000000,0.000000,0.297269,-0.768250,0.014852,0.000000,-0.015104,0.729924,0.000000,-0.106258,0.074819,0.235640,0.000000,0.202496,0.000000,0.000000,0.000000,0.000000,0.245139,0.343213,-0.656542,0.055558,0.000000,0.758680,0.000000,0.000000,0.000000,0.134119,0.162924,0.000000,0.000000,-0.027427,0.036677,-0.085483,0.895253,0.000000,0.000000,-0.175324,
-0.681775,-0.390290,0.000000,-0.159971,-0.246174,0.000000,0.000000,-0.099678,0.000000,-0.292728,0.000000,0.000000,0.000000,0.948074,0.468235,0.681085,-0.069579,0.000000,-0.382149,0.000000,0.000000,0.000000,0.000000,0.237868,0.000000,0.000000,-0.198659,0.000000,-0.661421,0.000000,0.822762,0.063672,-0.577527,0.009692,-0.763731,-0.082701,0.273320,0.000000,0.037029,0.737301,0.000000,0.926128,0.000000,-0.149424,-0.928794,0.000000,0.568819,0.645544,-0.230102,-0.352406,-0.349531,-0.458264,0.140830,0.000000,0.000000,-0.235533,-0.095283,-0.363906,0.456870,0.000000,0.000000,0.000000,0.000000,0.621764,-0.512273,0.000000,-0.474940,-0.732778,-0.656030,0.147920,0.877443,0.975663,0.245675,0.000000,0.000000,-0.621787,-0.147590,0.000000,0.627625,0.000000,0.000000,-0.612524,0.235402,0.469351,-0.409004,-0.920558,0.000000,-0.356927,-0.955461,-0.245815,0.000000,0.000000,0.000000,0.000000,-0.324527,0.718097,0.000000,-0.810251,0.078398,0.000000,
0.518718,-0.137239,0.000000,-0.000455,0.220189,0.931631,0.751630,-0.981261,0.000000,0.203501,0.000000,-0.692124,0.563141,0.996908,0.711032,0.000000,0.877562,0.250607,0.984716,0.000000,0.119662,-0.828703,0.531911,0.618980,0.000000,-0.223838,0.424812,0.364443,0.460040,-0.926788,-0.854899,-0.692652,0.469366,0.000000,0.000000,0.000000,0.507153,0.000000,-0.137532,0.028674,0.000000,0.000000,0.971278,0.000000,-0.757436,0.000000,0.798002,-0.622133,0.476612,-0.215954,-0.024822,0.442904,0.000000,0.000000,0.000000,0.000000,-0.016901,-0.690127,-0.175973,0.317574,0.451005,0.644605,-0.879602,0.089777,0.690068,-0.941781,0.000000,0.000000,0.886998,-0.497738,0.000000,0.000000,-0.856810,0.981901,-0.199003,-0.243442,0.000000,0.000000,0.300920,-0.181845,-0.933538,0.000000,0.241309,0.777208,0.201739,-0.165455,0.167012,-0.862025,0.000000,-0.708654,-0.629086,0.446355,0.000000,0.538888,0.703885,0.896319,-0.826394,0.000000,0.332625,0.903415,
0.000000,0.000000,0.000000,-0.484451,0.000000,0.000000,0.770591,0.466372,0.794901,-0.868686,0.000000,0.000000,0.869574,0.070548,-0.804102,-0.365959,0.000000,0.000000,0.000000,0.345512,-0.008630,0.000000,0.143185,-0.693375,0.836549,0.000000,0.292116,0.000000,0.000000,0.000000,0.495888,0.186293,0.000000,-0.173701,-0.077173,0.000000,-0.868730,0.000000,0.559748,0.000000,-0.683127,0.000000,0.000000,0.541507,-0.903303,0.743102,0.000000,0.000000,0.997506,-0.457574,0.000000,0.439209,-0.731930,0.000000,0.530404,-0.593857,0.000000,0.000000,0.860247,-0.895839,0.000000,0.795449,0.848496,-0.770826,-0.316123,0.879313,-0.922474,-0.334316,0.247518,0.000000,0.000000,-0.535373,0.010918,0.000000,0.421973,0.000000,-0.877026,-0.555356,0.316565,0.985743,0.262064,-0.478307,-0.218571,0.187654,0.000000,-0.994616,0.000000,0.000000,-0.106442,0.140923,0.791645,-0.184293,-0.919283,-0.973593,0.000000,0.649160,0.000000,0.000000,-0.889354,-0.713273,
-0.233383,0.779749,0.000000,0.000000,0.000000,0.572223,0.925902,-0.662058,0.000000,0.000000,0.000000,0.805829,0.468553,-0.821043,0.898724,0.494240,0.925362,0.934682,0.000000,0.000000,0.500614,-0.575934,0.000000,-0.850289,0.000000,0.569062,0.248531,0.772659,0.000000,0.574594,-0.043321,0.334197,0.000000,0.938683,-0.373332,-0.360196,0.927867,0.000000,0.444048,0.000000,-0.729246,-0.365195,0.000000,-0.414788,0.763822,-0.334361,0.000000,0.000000,-0.195230,0.000000,0.393934,0.000000,-0.876490,0.964624,0.958774,0.185313,0.314250,0.000000,-0.409953,0.000000,0.000000,0.000000,0.000000,0.547036,0.000000,0.000000,0.150358,-0.201804,0.000000,0.402524,-0.215336,0.713196,0.000000,-0.704728,0.999898,-0.782393,0.242713,-0.266076,0.000000,0.942266,0.000000,0.000000,0.000000,-0.534133,0.000000,0.000000,0.246291,0.000000,-0.166530,-0.601404,0.000000,0.522572,0.000000,-0.523856,0.492565,0.000000,0.269707,-0.346165,0.439849,0.000000,
0.472826,0.000000,0.000000,0.000000,0.922515,-0.606798,-0.400827,0.000000,0.000000,-0.024700,0.865108,-0.321574,-0.596301,0.531345,0.135155,0.686317,0.000000,0.000000,0.000000,-0.623826,-0.294399,0.966642,0.828697,0.000000,0.000000,0.660337,0.000000,0.339361,0.723715,0.000000,0.686505,0.000000,0.172251,-0.217325,-0.586613,0.000000,0.000000,0.000000,-0.425544,0.000000,0.540022,-0.899248,0.000000,0.000000,0.363721,-0.509341,-0.376439,-0.133710,-0.924261,-0.342194,-0.881691,-0.324743,-0.640686,0.656091,0.000000,0.825295,-0.342715,-0.603469,0.077175,0.000000,0.999241,-0.011323,0.000000,0.458333,0.000000,0.000000,0.000000,-0.441543,0.000000,0.000000,0.000000,0.356188,-0.032569,0.160090,0.967327,0.000000,0.578485,-0.787102,-0.671481,-0.924580,0.224490,-0.053892,0.338638,-0.250126,-0.100371,0.690117,0.000000,-0.482557,-0.030318,0.579959,0.000000,-0.600473,-0.962249,0.401025,0.000000,0.969401,0.633171,0.000000,0.440218,0.214529,
0.114346,0.000000,0.000000,0.000000,0.665519,-0.720369,0.877398,-0.668540,0.000000,0.947475,0.458595,-0.201831,-0.134188,0.466094,0.174664,0.000000,0.000000,0.000000,0.000000,0.000000,0.866048,0.062139,0.000000,0.078646,-0.008315,-0.184749,0.752910,0.000000,0.087947,0.824182,-0.091126,0.000000,0.000000,0.588889,-0.043639,0.484734,0.000000,-0.372032,-0.947852,0.000000,0.000000,0.152390,0.000000,0.319508,-0.543684,0.927622,0.000000,0.000000,0.439710,-0.551262,0.000000,0.749011,0.991639,0.000000,0.642847,0.000000,0.575210,0.000000,0.000000,-0.247060,0.000000,0.000000,-0.379586,0.000000,0.120667,0.000000,0.000000,0.000000,0.484072,0.000000,0.684122,0.000000,0.000000,0.951413,0.812793,-0.608409,0.000000,0.314983,0.168471,0.463756,-0.744435,-0.227928,0.035912,-0.203911,-0.597841,-0.964858,0.009398,0.000000,-0.457273,0.000000,0.000000,-0.342142,0.000000,-0.976118,-0.349784,-0.174052,-0.590934,0.000000,0.000000,0.446093,
0.781984,0.852177,0.852630,-0.249376,-0.870522,0.269975,-0.706087,0.053454,0.000000,-0.058719,-0.978133,-0.966698,0.826169,0.000000,-0.189847,0.688910,0.000000,-0.467562,0.000000,0.000000,0.000000,-0.183168,0.000000,-0.394649,-0.883058,0.000000,0.000000,-0.285634,0.000000,0.818098,0.000000,0.249859,-0.325349,-0.107616,0.000000,0.000000,0.398642,0.000000,-0.973682,0.063255,-0.232383,0.000000,0.714332,-0.042139,-0.502196,0.000000,0.000000,0.501508,0.053946,0.037312,0.000000,0.870856,0.000000,0.000000,0.897472,0.000000,-0.079674,0.632855,-0.026256,-0.505428,0.094716,0.409534,0.000000,0.474543,-0.561078,-0.598822,0.000000,-0.203413,-0.563613,0.000000,0.836925,-0.884643,-0.310569,-0.830564,0.000000,0.883868,0.637211,0.482797,-0.319397,0.000000,0.000000,-0.634188,-0.929993,0.576617,0.000000,-0.894533,-0.980360,0.000000,-0.937597,-0.282025,0.694262,-0.318850,0.000000,0.537617,-0.031119,-0.609618,0.751582,0.687913,-0.426075,0.000000,
-0.332399,-0.863188,0.000000,0.142009,0.000000,0.000000,0.000000,-0.205530,0.000000,0.373236,-0.072973,0.000000,0.000000,0.000000,0.308998,0.000000,0.456737,-0.402753,0.287889,0.000000,0.000000,-0.242710,0.000000,-0.190863,0.724381,0.000000,-0.529939,0.677093,0.922091,-0.115374,0.000000,0.000000,-0.642176,0.290234,0.966386,0.000000,0.000000,0.673664,0.000000,0.314215,0.079837,0.103475,-0.401227,0.000000,-0.169342,-0.564306,0.000000,0.000000,0.000000,0.000000,-0.193395,0.898764,-0.549562,0.052564,0.000000,0.150221,-0.103127,0.000000,-0.322802,-0.802627,0.056487,-0.907327,0.000000,0.000000,0.036985,0.000000,0.029392,0.000000,0.000000,0.000000,0.000000,-0.622747,0.086706,-0.479518,-0.910305,0.000000,-0.049267,0.659572,0.710905,0.000000,-0.470456,-0.950664,0.843026,0.000000,0.000000,0.000000,-0.137646,0.406526,0.546906,0.589679,0.000000,0.994947,0.000000,-0.345140,-0.052997,-0.908126,0.308161,-0.676080,0.000000,0.000000,
-0.068241,0.000000,-0.598328,-0.127783,-0.130756,0.683469,-0.540512,-0.928251,0.000000,0.000000,0.000000,0.000000,0.000000,0.000000,0.325997,-0.944124,-0.394147,0.940811,-0.905904,0.000000,-0.682014,-0.496699,0.000000,0.975342,-0.282236,-0.668134,0.392709,0.322029,0.000000,-0.143853,0.000000,0.000000,0.000000,0.000000,0.000000,-0.863490,-0.140290,0.538648,-0.470786,-0.701751,-0.910452,0.136651,0.000000,0.468305,-0.667823,0.791889,-0.875913,0.210356,-0.665088,-0.302462,0.000000,0.961216,-0.304675,-0.383370,0.129721,0.000000,-0.365698,0.000000,0.000000,-0.613460,0.000000,0.742369,-0.348286,-0.147046,0.000000,0.890949,-0.789217,0.185975,0.486672,-0.090999,-0.658820,-0.924987,-0.322054,0.000000,0.000000,-0.196505,-0.626909,0.000000,0.446619,-0.654847,0.000000,-0.917075,-0.444696,0.081539,0.864666,-0.977946,-0.974991,0.881380,0.000000,-0.992620,-0.823636,0.000000,0.988029,0.000000,0.130238,0.000000,-0.193132,0.801556,0.000000,0.000000,
0.000000,0.832223,0.000000,0.653001,-0.024291,0.000000,-0.854859,0.000000,0.000000,0.000000,0.000000,0.421759,0.000000,0.641777,0.657405,-0.048704,0.022263,-0.135095,0.000000,0.448811,0.000000,0.000000,0.120149,0.011154,0.602225,0.000000,0.000000,0.000000,0.458751,-0.420623,-0.657676,-0.355616,0.000000,0.955850,0.590627,0.000000,-0.555660,0.000000,0.000000,0.000000,0.532557,0.000000,0.938083,0.000000,0.295803,0.533810,-0.034544,0.289506,-0.873373,0.198924,0.792063,-0.356280,0.000000,0.398614,0.080566,0.630257,0.000000,-0.071724,0.000000,0.212746,0.861388,0.629350,-0.437348,0.000000,0.530815,0.977379,0.000000,0.089916,0.000000,-0.187725,0.000000,0.000000,0.856013,0.000000,-0.269201,0.744613,0.000000,0.000000,0.000000,-0.203927,0.000000,0.545838,-0.919219,0.000000,0.000000,-0.867333,0.754944,-0.944184,0.613263,0.000000,0.000000,-0.135232,0.000000,-0.070627,0.000000,0.576084,0.827026,0.000000,0.000000,0.000000,
0.000000,0.000000,0.781730,-0.769882,0.000000,0.286034,0.000000,0.062904,0.173261,0.000000,0.528997,-0.559582,0.359639,-0.258382,-0.454432,-0.008271,0.000000,0.000000,-0.875363,0.425211,-0.720238,0.327284,0.000000,0.000000,0.655028,0.712049,-0.775287,0.387628,0.000000,-0.197733,0.000000,-0.848874,0.000000,0.000000,0.251026,0.438166,-0.513938,0.606824,0.000000,0.557632,0.000000,0.000000,0.000000,0.000000,-0.059208,0.000000,0.000000,0.000000,-0.747186,-0.071702,0.979914,0.000000,0.824682,-0.089758,-0.292551,0.000000,0.000000,0.000000,0.979092,0.000000,-0.787190,0.000000,0.000000,0.073992,-0.905103,0.500102,0.231033,0.000000,0.000000,0.072569,0.000000,0.000000,0.000000,0.000000,0.000000,0.881305,0.000000,0.000000,0.000000,0.000000,0.000000,0.868045,-0.680930,0.687337,0.000000,0.089576,0.329971,0.000000,0.230691,0.000000,0.175039,0.336098,0.395487,0.000000,0.000000,-0.687397,0.000000,0.000000,0.579663,0.450671,
0.828926,0.154010,0.000000,-0.692964,-0.930658,-0.182191,0.000000,-0.042361,0.000000,0.000000,0.308576,0.093690,0.000000,-0.417649,0.000000,-0.522735,0.000000,0.000000,-0.113421,0.515727,0.000000,-0.997731,0.562362,0.270937,0.768043,-0.395606,0.000000,0.000000,-0.121854,0.000000,-0.525679,0.000000,0.477014,-0.856572,0.000000,-0.238713,-0.942983,0.000000,0.000000,0.000000,0.198445,-0.772213,-0.563693,0.000000,0.000000,0.237766,0.000000,-0.963465,0.000000,0.000000,0.058686,-0.730852,-0.994481,-0.388951,0.000000,0.000000,-0.402116,0.866611,0.906609,0.000000,-0.741612,-0.544826,0.341573,0.342047,-0.911323,-0.759839,-0.142984,-0.448386,0.000000,0.096682,0.000000,0.000000,0.387564,-0.081184,-0.656256,0.072346,-0.811810,0.000000,0.000000,-0.311575,0.000000,0.554374,-0.914365,0.435578,0.514725,0.883280,0.000000,-0.799708,0.000000,0.065964,-0.084760,0.000000,0.000000,0.000000,0.136777,0.023573,0.133798,0.000000,0.395456,0.728719,
0.000000,-0.072177,0.000000,-0.062623,0.717458,-0.133211,0.000000,0.927047,0.000000,-0.774230,0.000000,0.786590,-0.216735,0.000000,0.000000,-0.816907,-0.699437,-0.585640,0.728621,0.000000,-0.739508,0.472958,0.000000,0.000000,0.019909,0.784459,-0.659902,0.000000,-0.577773,0.000000,0.454796,0.405880,0.000000,-0.925762,0.175894,0.775922,-0.493816,0.725250,-0.746280,-0.796752,0.217821,0.000000,0.000000,0.000000,0.081029,0.000000,-0.000718,0.000000,0.000000,0.000000,0.644386,-0.679463,0.417841,0.407376,0.000000,-0.247682,0.000000,0.000000,0.000000,0.000000,0.000000,0.000000,0.000000,0.000000,0.000000,0.000000,-0.195808,-0.792214,0.294566,0.000000,-0.405161,0.000000,-0.341228,0.000000,0.000000,0.000000,0.000000,0.456093,0.000000,0.000000,0.000000,0.000000,-0.958910,0.670062,-0.251071,0.740077,0.000000,0.450852,0.446177,-0.695327,0.000000,-0.304020,-0.342917,0.628578,-0.514148,0.000000,-0.200672,0.000000,0.000000,-0.432264,
-0.997439,-0.629958,0.000000,0.536629,0.000000,-0.778848,0.000000,-0.847294,-0.652613,0.000000,-0.214803,0.000000,0.000000,0.000000,0.348850,-0.997272,0.112563,0.109505,0.994334,0.000000,0.000000,0.000000,0.000000,-0.525032,-0.498335,0.000000,0.000000,0.000000,0.000000,0.000000,0.349003,-0.273630,-0.172629,0.869746,0.000000,-0.290642,0.662708,-0.590821,0.341051,-0.331509,0.675330,-0.264643,0.000000,0.000000,0.275878,0.000000,-0.428478,0.633143,-0.988960,-0.529877,0.845904,0.640357,0.328254,0.000000,0.331987,-0.744741,0.000000,-0.703849,-0.984578,0.465258,0.000000,-0.245424,0.301755,0.000000,0.000000,0.000000,0.042758,0.000000,-0.498748,-0.940764,0.000000,-0.954670,0.377517,0.886633,-0.854688,0.000000,-0.211782,0.000000,0.701484,-0.417646,-0.723580,0.000000,0.466589,0.970824,0.918210,0.000000,0.497491,0.000000,-0.830198,0.044326,-0.410434,0.541937,0.724110,-0.855427,0.000000,0.000000,0.259705,0.826415,0.000000,-0.234411,
0.000000,0.397944,0.077792,0.767535,0.000000,0.326674,-0.130614,0.000000,0.000000,0.000000,0.000000,0.000000,0.000000,0.153766,0.000000,0.154752,-0.222962,0.000000,0.000000,0.000000,-0.553535,0.000000,0.195036,0.000000,-0.505069,0.000000,0.640792,-0.096134,0.000000,0.000000,0.000000,0.639307,-0.984101,0.000000,0.000000,-0.469926,0.755941,-0.060576,0.941880,-0.791660,0.000000,-0.100118,0.000000,0.086583,0.000000,0.791403,0.190139,0.244767,0.000000,0.000000,0.000000,0.000000,0.449144,0.000000,-0.452100,-0.969465,-0.870607,0.299049,-0.660277,0.000000,0.000000,-0.815194,-0.317008,0.000000,0.000000,-0.788593,-0.433496,0.000000,-0.576750,-0.820253,0.000000,-0.484252,-0.132701,-0.164767,0.671041,-0.466255,0.000000,-0.518081,0.000000,-0.104781,0.838370,-0.481906,-0.225436,-0.594729,-0.023197,-0.753686,0.997288,0.000000,0.000000,0.393940,0.000000,-0.129377,-0.261305,0.000000,-0.911203,0.000000,0.000000,-0.350810,0.000000,0.000000,
0.531560,0.000000,0.229416,0.000000,0.000000,0.961487,-0.352216,-0.656968,0.963194,0.000000,0.277188,0.000000,0.726596,0.000000,0.884199,-0.734624,0.000000,0.000000,-0.914294,-0.444030,0.000000,-0.380465,0.000000,0.715219,-0.505484,0.013659,-0.439568,-0.938469,0.852031,-0.332722,0.505209,0.000000,-0.051839,-0.721345,0.462643,0.000000,-0.871272,0.000000,0.000000,0.905743,-0.891966,0.000000,-0.671529,0.000000,0.000000,0.711985,0.000000,-0.115271,-0.831036,0.389595,0.522718,0.000000,0.000000,-0.226291,0.495437,0.000000,0.000000,0.000000,0.000000,0.000000,-0.530744,0.231276,-0.772022,0.272575,-0.428920,0.000000,-0.028938,0.401393,-0.676613,0.000000,0.582682,0.000000,-0.591411,0.000000,0.419936,-0.491298,-0.590282,0.302742,0.700524,0.000000,0.146496,0.053853,0.000000,-0.602264,-0.745638,0.893763,0.783180,-0.656824,0.000000,-0.976885,0.000000,0.000000,0.000000,0.000000,0.000000,0.916168,0.825090,0.000000,0.198070,0.531873,
0.223839,0.244717,0.000000,0.000000,-0.063656,0.000000,0.000000,0.000000,0.933171,-0.676419,-0.027010,-0.076842,0.987549,0.000000,0.323533,0.000000,-0.884325,0.000000,0.868339,0.000000,-0.572128,-0.052614,0.274872,-0.471857,0.000000,0.000000,0.883186,-0.120694,0.000000,-0.110356,-0.713085,-0.970544,0.967505,0.000000,0.587630,-0.055641,-0.400837,0.000000,0.387888,0.318825,0.000000,-0.792423,0.758851,-0.519139,-0.419843,-0.518445,0.000000,-0.884087,-0.776872,0.000000,0.000000,-0.152865,0.836157,0.802003,-0.579531,-0.593145,-0.092710,-0.978805,-0.887815,-0.779694,0.000000,0.984813,-0.562966,0.000000,0.054780,-0.314890,0.250459,-0.154795,0.128237,0.661226,-0.250933,0.000000,0.000000,0.000000,-0.595342,-0.377240,0.954716,-0.673424,0.000000,-0.496725,0.155588,0.000000,0.000000,0.126349,-0.565575,0.487358,0.000000,-0.427773,0.128248,0.638573,0.754169,0.000000,0.000000,0.005828,0.996139,-0.475381,-0.234871,0.911837,-0.007288,-0.897471,
0.847428,0.697347,0.123867,0.000000,0.000000,0.468112,0.636674,0.000000,-0.777159,0.000000,0.206012,-0.140493,0.000000,0.000000,0.000000,0.429246,0.783699,0.000000,0.000000,0.959039,0.402156,0.000000,0.000000,0.000000,0.841492,-0.594881,0.543423,-0.995415,-0.984636,0.000000,0.000000,-0.438209,-0.108769,0.251886,0.789318,0.000000,-0.311669,0.000000,0.000000,-0.162124,-0.937166,-0.413155,0.321224,0.000000,0.109043,-0.584571,0.000000,0.965717,0.029307,0.000000,0.000000,0.826074,0.000000,-0.118187,0.000000,0.444539,-0.537194,0.328124,0.000000,-0.838462,0.098121,0.007453,-0.189650,-0.444201,0.789317,0.230459,0.000000,0.000000,-0.223481,0.000000,0.500316,-0.184075,0.913623,-0.009345,-0.057075,-0.372100,0.000000,-0.470707,-0.667829,0.000000,0.000000,0.254855,0.000000,-0.819383,-0.572672,0.982380,-0.643775,0.000000,0.774663,0.000000,0.909345,0.368921,0.000000,-0.294816,-0.107143,0.527401,0.000000,0.000000,0.000000,0.000000,
-0.751954,0.000000,0.000000,-0.699784,-0.112707,0.021628,0.000000,-0.759497,-0.961731,-0.518781,0.000000,0.000000,0.000000,0.411769,-0.896231,0.000000,-0.805419,0.000000,0.603398,-0.326802,0.000000,-0.900880,0.171815,0.000000,0.729493,0.061154,0.000000,0.029329,0.503681,0.000000,0.970847,0.000000,0.000000,-0.146630,0.000000,-0.233141,0.000000,0.000000,0.000000,0.000000,0.548241,0.647160,0.357307,0.000000,0.436371,0.000000,0.493857,-0.363242,0.431093,0.000000,-0.321607,0.000000,0.007262,0.487273,-0.855014,0.201602,-0.416170,-0.866336,0.638049,0.654599,0.000000,0.000000,0.000000,-0.652488,0.000000,0.572025,0.434468,0.000000,0.000000,0.000000,-0.735625,0.566508,0.000000,0.000000,0.443773,-0.139845,0.789891,0.646396,-0.944878,0.727333,-0.310251,0.000000,0.005811,-0.504550,-0.804024,0.752915,0.858921,0.712647,-0.372373,-0.268855,0.515702,0.522906,0.000000,0.808564,0.000000,0.807445,0.000000,-0.501280,0.000000,-0.798161,
0.000000,-0.561261,0.442004,0.000000,0.000000,-0.940428,0.309572,0.000000,0.000000,0.497439,0.000000,-0.043399,-0.242653,0.000000,0.247986,0.092103,-0.160864,0.000000,0.000000,0.000000,0.770879,0.000000,-0.839012,0.000000,0.000000,0.000000,0.000000,0.485248,0.000000,-0.374382,0.955448,0.000000,0.000000,0.000000,-0.060394,-0.698290,0.000000,-0.405912,0.866966,0.434875,0.029862,-0.586172,0.928210,-0.462555,0.006774,0.827566,0.000000,0.446527,0.000000,0.548800,0.180289,0.447966,0.000000,0.101544,0.065552,0.000000,0.000000,0.000000,-0.281871,0.853522,0.037622,0.242955,-0.848491,-0.265887,0.820391,0.000000,0.000000,0.000000,0.263506,0.000000,0.373311,0.000000,0.925983,0.000000,0.107687,0.000000,0.097465,-0.681912,-0.371984,0.964418,0.000000,0.672446,-0.239505,-0.588762,0.030237,-0.015787,0.514814,-0.830250,0.855270,-0.702271,0.000000,0.264313,0.000000,0.087842,0.284349,0.000000,-0.956287,-0.212159,0.000000,0.000000,
0.000000,0.794913,0.000000,0.000000,0.524877,0.000000,0.000000,0.000000,0.000000,0.000000,-0.980300,0.030603,0.408373,-0.501959,0.839057,0.978413,0.000000,-0.777844,0.704017,0.383472,0.153561,0.617087,0.000000,-0.708887,0.377063,-0.480957,0.009729,0.000000,0.587572,0.000000,0.442599,0.000000,0.000000,0.000000,0.000000,0.000000,0.581300,0.442300,0.000000,-0.069189,-0.632248,0.000000,0.992494,-0.199097,-0.433998,0.000000,0.000000,0.000000,0.068918,-0.950228,0.000000,0.000000,0.625089,0.691705,0.000000,-0.627718,0.278867,0.989911,-0.062937,0.000000,0.000000,0.528432,-0.504411,-0.371794,0.000000,0.202868,0.980876,0.395155,0.228963,0.981688,-0.026661,0.000000,0.000000,-0.786490,0.000000,0.000000,0.407806,-0.827216,0.000000,-0.135970,0.303324,0.000000,0.302448,0.000000,0.000000,0.000000,0.000000,-0.664006,-0.517583,-0.555265,0.000000,0.000000,0.000000,0.045153,-0.390397,0.840087,-0.990269,0.224795,0.000000,0.000000,
-0.642150,0.000000,0.037149,0.970566,0.000000,0.000000,0.839917,-0.062931,0.777657,0.000000,0.485629,-0.631648,0.000000,0.122183,0.000000,-0.585813,0.000000,-0.945028,-0.244350,-0.106326,-0.246537,0.825358,-0.488615,0.000000,0.492736,-0.912662,0.462631,0.000000,-0.942939,0.000000,-0.350882,0.439619,-0.601367,-0.988190,-0.129986,0.000000,0.378310,0.000000,0.000000,0.000000,-0.128374,0.000000,0.216569,-0.250607,0.000000,0.413370,-0.432671,-0.753482,0.000000,-0.106057,-0.786525,0.223055,-0.149799,-0.004527,0.000000,-0.803990,0.047387,0.960136,0.000000,0.000000,0.000000,0.000000,0.000000,0.738044,-0.808801,0.000000,-0.405934,-0.624244,0.252547,0.000000,0.000000,0.693480,-0.539321,0.000000,0.000000,0.165702,0.170702,0.059313,0.000000,0.000000,0.916956,0.462037,-0.282710,0.894294,0.000000,0.537061,-0.719441,0.000000,-0.401916,-0.466896,0.277356,0.795986,-0.172724,-0.274340,0.139155,-0.366069,0.415977,0.000000,0.000000,0.524296,
0.473779,0.456872,0.000000,-0.022346,-0.777356,-0.915578,0.000000,0.000000,0.779996,0.419916,0.000000,0.387974,0.000000,0.000000,0.000000,0.000000,-0.511564,0.000000,0.000000,-0.029152,-0.375269,0.000000,-0.516155,-0.197814,0.142708,-0.530634,-0.987820,0.944595,-0.100516,0.354459,0.000000,0.751028,0.000000,-0.431900,0.000000,0.960208,-0.687184,0.000000,0.000000,-0.680174,0.968323,0.000000,0.000000,-0.909171,0.000000,0.103803,0.000000,0.891213,-0.738650,-0.500490,-0.781940,0.785667,-0.323696,0.000000,0.000000,0.000000,-0.906907,-0.316528,-0.542363,0.968730,0.000000,-0.897629,-0.897662,0.000000,0.159533,0.000402,0.000000,0.113848,-0.513524,0.000000,0.000000,-0.500463,0.000000,0.000000,0.000000,-0.071434,-0.502225,-0.496987,0.876566,0.562740,-0.573540,0.701233,0.055851,-0.291852,-0.792890,-0.189036,-0.380913,0.655805,-0.195372,0.170801,-0.521753,0.000000,0.000000,0.000000,0.000000,0.000000,-0.543991,0.000000,0.449607,0.000000,
0.359001,-0.367824,0.000000,0.000000,0.035054,0.971918,-0.946034,-0.794316,0.378206,0.739645,0.000000,-0.809099,0.000000,0.000000,0.391132,0.186647,0.000000,-0.031843,0.000000,-0.605495,0.000000,0.938885,-0.306176,-0.382100,-0.852031,-0.094083,0.000000,0.000000,-0.933107,-0.587850,-0.802739,-0.982750,-0.449399,-0.915098,-0.334729,-0.366126,0.000000,0.286695,0.000000,0.000000,0.161036,-0.228823,0.187308,0.387372,0.000000,0.352604,-0.416199,-0.258029,0.181899,0.874386,0.000000,0.000000,0.000000,-0.912082,-0.654988,0.095628,0.381694,-0.264645,-0.912140,0.424793,-0.945023,-0.015809,-0.170111,0.690095,-0.248163,0.000000,0.047998,0.000000,0.000000,0.976247,0.678462,0.200480,0.172912,-0.146426,-0.028953,-0.328160,-0.542404,-0.269117,0.585559,-0.646485,-0.718423,0.000000,0.869941,0.217273,0.000000,0.405570,0.000000,-0.981775,0.000000,0.417803,0.442273,0.000000,0.000000,-0.403571,0.694370,0.333504,0.746080,0.783850,0.847854,0.000000,
-0.306545,-0.282707,0.000000,0.000000,-0.421031,0.583012,-0.352062,-0.940848,0.000000,0.848058,0.147564,-0.140433,-0.729861,0.836819,0.000000,-0.756860,0.315950,0.000000,-0.426596,-0.676376,0.913870,0.106278,0.000000,-0.180053,0.826762,0.000000,0.668065,0.221566,-0.859742,-0.436638,0.540557,0.000000,0.154715,-0.713686,0.459088,-0.384040,-0.567195,-0.698456,-0.550564,0.052631,0.275876,0.000000,0.000000,0.000000,0.003152,-0.790585,0.000000,-0.882199,0.374621,0.000000,-0.011293,0.000000,0.850828,-0.922759,0.234228,0.001157,0.000000,-0.519813,-0.489425,-0.461123,-0.112485,0.352760,0.000000,0.000000,0.911884,0.000000,0.086333,0.136377,0.268198,0.959502,0.914387,0.656816,0.000000,0.219364,-0.533515,0.153025,-0.366564,0.000000,-0.590184,0.000000,-0.143949,-0.211198,-0.626191,-0.183585,0.000000,-0.292608,-0.130241,-0.745989,0.000000,0.804034,-0.694475,-0.426293,0.000000,0.000000,0.000000,0.517277,-0.917479,-0.194554,-0.677292,-0.406732,
-0.316150,0.000000,0.000000,0.129130,0.271625,0.972411,-0.420719,0.000000,0.740194,0.000000,0.773969,0.000000,0.145891,0.664892,0.000000,0.126155,-0.819749,0.000000,-0.968154,0.000000,0.048361,-0.285647,0.550176,0.648276,-0.182740,-0.564801,-0.615549,0.737856,0.000000,0.808380,0.000000,-0.383242,0.328205,0.296051,-0.990254,-0.525949,0.198806,0.716097,-0.185368,0.000000,0.731917,0.000000,0.000000,0.000000,-0.262438,-0.820888,0.259029,0.559216,-0.713649,0.222277,-0.534694,0.281506,-0.713001,-0.791297,0.000000,0.261693,0.000000,0.000000,0.000000,0.000000,-0.583312,0.000000,-0.507097,-0.845704,0.000000,-0.454416,-0.972844,0.000000,0.823978,0.613137,0.000000,-0.852604,0.000000,-0.270808,0.607674,0.335605,0.000000,0.000000,0.665500,0.009541,0.246232,0.000000,0.324659,0.843012,0.000000,0.904976,0.685742,0.000000,0.000000,-0.058063,0.000000,-0.401015,0.145511,0.000000,0.632057,0.000000,0.000000,0.086277,0.740326,0.000000,
0.000000,0.128655,-0.061456,0.343442,0.000000,0.000000,0.305528,0.000000,0.676280,-0.999285,-0.628895,-0.282341,0.021806,0.000000,-0.803727,0.987561,-0.940566,-0.376507,0.437561,0.924547,-0.470967,0.462623,0.285118,0.000000,-0.148376,-0.983473,0.000000,0.230791,0.000000,0.425652,-0.443418,-0.305409,0.000000,0.000000,0.000000,-0.394462,-0.164638,0.906306,0.097835,0.725485,0.850075,0.559047,0.000000,0.000000,-0.520501,0.000000,0.118717,0.000000,0.000000,0.000000,-0.060712,0.000000,-0.486169,-0.825832,0.000000,-0.528458,0.000000,0.761035,0.466834,-0.462596,-0.910139,0.403884,-0.879268,0.000000,-0.842993,0.000000,0.000000,0.503730,0.442687,0.960904,-0.664991,-0.569930,0.000000,0.000000,-0.341996,0.267607,-0.868519,0.184572,0.000000,-0.909048,-0.500852,-0.476137,0.000000,0.000000,0.000000,-0.866339,0.979216,0.437887,0.912883,-0.971086,0.021066,-0.969590,0.023367,-0.429565,0.228139,0.000000,-0.364222,0.000000,0.202438,0.630938,
-0.630771,-0.683219,-0.385303,0.526680,0.000000,-0.878097,0.152700,0.630468,0.875964,-0.598179,-0.384922,0.000000,-0.827256,0.063252,0.317960,-0.951597,0.000000,-0.428316,-0.657405,0.358750,0.000000,0.360387,0.250752,-0.662883,0.000000,0.000000,0.000000,0.000000,0.000000,0.745271,0.000000,-0.323875,0.000000,0.000000,0.733729,-0.815541,0.186129,0.628630,0.000000,0.000000,0.000000,0.000000,0.146407,0.693829,0.000000,0.777671,-0.315750,0.790634,0.000000,0.000000,-0.124910,0.000000,0.159310,0.426432,-0.797696,-0.215860,-0.713737,0.398351,-0.800727,-0.766255,-0.972884,0.488548,0.203849,0.000000,0.000000,0.000000,0.855235,-0.208410,0.000000,0.729722,-0.282586,-0.829722,0.404590,0.226708,0.258047,0.000000,0.000000,0.014333,0.000000,0.000000,0.000000,0.370667,0.394466,0.000000,0.000000,-0.065685,0.476886,-0.645129,0.931303,0.892648,0.000000,0.848578,-0.813971,0.000000,-0.921413,0.825115,-0.435115,-0.512487,0.547174,-0.695260,
0.767445,0.307415,0.000000,-0.335528,0.000000,0.999244,0.325796,0.000000,0.684157,-0.662466,0.604628,-0.141280,0.000000,0.000000,0.000000,0.000000,-0.455034,0.000000,0.973295,0.848540,0.000000,-0.193343,0.181016,-0.934008,0.000000,0.000000,0.270706,0.376581,0.000000,0.000000,0.443783,0.000000,-0.794202,0.812662,-0.452958,-0.192827,-0.800160,0.000000,0.000000,0.302080,-0.079346,0.000000,0.068009,0.000000,0.000000,-0.763366,-0.710042,0.552326,0.000000,0.000000,-0.121092,0.274857,-0.937932,-0.150983,-0.572711,-0.689045,0.591476,0.000000,0.000000,0.190233,-0.290364,-0.166569,0.000000,0.706991,0.000000,0.663044,0.464102,-0.465307,0.299872,0.000000,0.648774,-0.295818,0.000000,-0.704940,-0.080295,0.000000,0.000000,0.000000,0.000000,0.000000,-0.253086,0.000000,-0.588964,0.000000,0.000000,-0.270810,-0.765770,-0.025599,0.000000,0.868679,0.000000,0.000000,0.000000,-0.560795,-0.355205,0.000000,-0.703192,-0.654244,0.000000,0.045214,
0.000000,-0.503848,0.078136,0.187967,-0.125093,0.886742,-0.388769,-0.806788,-0.153039,0.031474,0.028927,0.000000,0.815732,0.337198,0.239283,0.245333,-0.655251,0.000000,0.403301,0.000000,0.000000,-0.494625,0.000000,0.336809,0.090581,0.000000,0.622310,0.727406,0.628942,-0.605722,0.000000,-0.161572,-0.791699,-0.153101,0.201079,-0.432465,0.000000,0.859902,-0.816726,0.000000,-0.044023,-0.676558,-0.256872,0.349858,0.000000,0.034009,0.080859,0.504764,-0.183085,-0.451966,0.000000,0.481018,-0.951899,0.000000,0.000000,-0.250137,-0.000786,0.977274,-0.456560,-0.602820,0.602928,0.783603,0.975399,0.325470,0.000000,0.525511,0.000000,0.228621,0.265626,0.000000,-0.223470,0.339135,-0.941491,0.000000,0.000000,0.000000,-0.882109,0.000000,0.940768,0.000000,0.000000,-0.260015,0.000000,0.000000,0.298035,0.000000,0.000000,0.489595,0.000000,0.188251,0.355005,-0.351135,-0.750862,0.000000,0.685495,0.000000,-0.751039,0.000000,0.543965,0.000000,
-0.479033,-0.473532,0.000000,0.000000,0.000000,0.000000,0.000000,-0.606591,-0.587788,-0.822572,0.000000,-0.429148,-0.003155,0.852669,0.000000,-0.538908,-0.375979,0.848435,0.000000,-0.715730,0.253799,0.000000,-0.968899,0.974802,-0.348635,0.564641,-0.658716,0.000000,0.349236,0.069400,0.554834,0.614972,0.000000,-0.977377,0.000000,0.251640,-0.759364,0.523848,-0.508068,0.000000,-0.974740,-0.568800,0.891300,-0.159564,0.303709,0.000000,0.742059,0.000000,-0.942415,-0.870644,-0.611837,0.000000,-0.610068,0.000000,-0.961197,-0.524933,0.000000,-0.643972,0.000000,0.873111,0.000000,0.000000,0.854687,0.000000,0.058294,-0.674197,0.000000,0.416088,-0.931740,0.421126,0.000000,0.000000,0.385442,-0.088295,0.000000,0.000000,0.240660,0.000000,0.230678,0.000000,0.000000,0.000000,0.000000,0.000000,-0.529245,0.000000,-0.474014,-0.811798,-0.909186,0.618734,-0.084884,-0.486701,-0.837982,-0.295809,0.251803,0.000000,0.187431,0.000000,0.000000,-0.333156,
0.186737,0.000000,-0.676856,-0.988712,0.489846,0.331840,-0.848688,-0.138140,-0.446433,-0.433034,0.000000,0.960375,0.000000,0.701977,0.000000,0.000000,0.660982,0.000000,0.000000,0.084290,0.841741,0.119359,0.603064,-0.009421,0.000000,-0.264391,0.000000,0.000000,0.863824,0.000000,-0.075544,-0.857569,0.000000,0.098331,0.634484,-0.157964,-0.559792,0.000000,-0.348417,-0.115708,-0.277242,-0.331026,0.000000,0.000000,0.791621,0.161641,0.000000,0.336374,0.000000,-0.114767,-0.056322,-0.537447,-0.855486,-0.502076,-0.444414,-0.091158,0.000000,0.187644,0.000000,0.000000,0.429012,-0.371083,0.000000,-0.754518,-0.724247,-0.559993,0.000000,-0.748473,-0.158446,-0.282595,-0.648858,0.000000,-0.718614,0.000000,0.502602,0.563017,0.000000,0.531598,-0.441023,-0.859589,0.224946,0.049815,0.000000,0.820374,-0.961893,0.000000,-0.316881,-0.902859,-0.980632,-0.834822,0.255509,0.000000,0.000000,-0.491560,-0.375128,0.212348,0.075713,0.000000,0.717826,0.303366,
0.000000,-0.950979,-0.546090,0.000000,0.966450,-0.061533,0.000000,0.000000,0.000000,0.000000,-0.175404,-0.705314,-0.485206,0.033406,0.000000,0.460948,-0.100435,0.028387,-0.817277,-0.014509,0.000000,0.000000,0.000000,0.644243,-0.416899,0.713614,0.003648,0.000000,0.000000,-0.083171,-0.305030,-0.163987,0.633607,-0.241918,-0.581844,-0.607595,0.000000,0.105044,0.000000,0.000000,0.000000,0.000000,0.348293,0.000000,0.924142,-0.928855,0.000000,-0.844382,0.916591,0.000000,0.000000,0.597841,0.000000,-0.999411,0.916615,0.000000,-0.656499,0.317113,0.478454,-0.750022,0.957093,0.000000,0.018832,0.760456,0.000000,0.231189,-0.199513,-0.238545,-0.334226,0.771913,-0.604869,0.065474,0.046343,-0.976226,0.601141,0.000000,0.000000,0.000000,0.399819,-0.953018,0.000000,0.000000,0.000000,0.000000,-0.086535,-0.414324,0.000000,-0.662982,0.391118,0.000000,0.537919,0.000000,-0.940868,0.954238,0.000000,-0.916611,-0.050368,0.000000,0.551821,0.405316,
0.000000,0.639955,0.000000,0.000000,0.000000,-0.501808,-0.359031,0.000000,-0.078515,0.000000,0.808496,0.690299,0.000000,-0.989013,0.000000,0.000000,0.000000,0.987363,-0.260451,0.000000,-0.992966,0.617839,0.979662,-0.489057,0.485722,0.000000,-0.567965,0.934431,-0.148856,0.303447,0.000000,0.428657,0.249207,0.792177,-0.720562,0.127633,-0.097968,0.043090,0.000000,0.000000,0.012694,0.411276,0.000000,0.724470,0.000000,0.361325,-0.237855,0.000000,0.256608,0.570380,0.000000,-0.023325,0.000000,0.000000,0.359111,0.066083,0.000000,-0.137101,0.000000,-0.297390,0.384583,0.895554,0.000000,-0.354959,-0.037256,0.264634,0.000000,0.000000,-0.994488,0.271444,-0.766246,0.000000,-0.639753,0.000000,-0.067056,0.000000,0.000000,0.631564,0.000000,0.000000,0.977648,0.933491,0.320618,0.874901,-0.784749,0.000000,-0.760298,-0.654965,0.000000,0.000000,0.000000,0.621121,0.000000,0.000000,0.000000,0.000000,0.000000,0.000000,-0.003554,-0.917730,
0.172601,0.000000,0.252740,0.000000,0.666703,-0.719192,0.455330,0.595563,0.000000,0.149575,-0.718985,0.876801,0.191877,0.701141,0.911069,0.000000,-0.229029,0.294444,0.370795,-0.582078,0.000000,0.000000,-0.688782,-0.953322,0.084431,0.891528,0.000000,-0.961250,0.000000,0.000000,0.000000,-0.550025,0.000000,-0.712673,0.000000,-0.408824,-0.587890,0.000000,-0.382193,0.963702,0.266022,-0.292983,0.270513,0.000000,0.870511,0.000000,0.000000,-0.184535,0.662472,-0.714065,0.142056,0.527595,-0.896248,0.000000,-0.035838,-0.171940,-0.574175,0.091836,0.000000,0.000000,-0.224985,0.965066,0.875839,-0.796806,-0.400726,-0.679125,0.952609,0.067606,0.120387,0.000000,-0.545238,-0.506283,0.000000,0.847093,0.583041,-0.368520,0.000000,0.000000,0.802900,-0.754003,0.000000,-0.572781,0.670601,0.970132,0.738620,0.000000,-0.092692,0.000000,0.000000,-0.132336,0.000000,0.653806,0.000000,0.000000,0.873528,0.000000,0.000000,0.000000,-0.302095,0.000000,
-0.127375,0.000000,-0.731040,-0.232478,0.280851,0.000000,-0.720042,0.000000,-0.973948,0.056284,0.000000,-0.069171,-0.060534,0.000000,0.000000,0.104554,0.000000,0.000000,0.655354,0.558625,0.702408,-0.499819,-0.951181,-0.924371,0.899723,0.183177,0.676221,0.000000,0.568924,-0.500819,0.000000,0.591453,-0.661495,0.008046,0.000000,0.000000,-0.906023,-0.529442,-0.687706,0.000000,0.930303,0.504123,0.870194,0.000000,-0.963640,0.199144,0.000000,-0.103666,0.000000,-0.501734,0.697160,0.410987,0.095304,0.000000,-0.736677,0.000000,0.738430,-0.836647,-0.442143,0.000000,-0.483303,-0.692151,0.000000,0.125183,0.000000,0.000000,0.000000,0.524055,0.000000,0.000000,0.000000,0.874681,0.000000,0.584130,0.760879,0.000000,0.000000,0.000000,-0.565581,-0.168587,0.638657,-0.571871,0.000000,0.000000,0.991017,0.000000,0.000000,0.000000,0.688551,0.000000,-0.264258,0.000000,-0.930114,-0.320212,-0.672918,0.000000,-0.377384,-0.303792,0.192173,0.672939,
0.000000,0.000000,0.000000,0.713744,-0.005685,0.484587,0.451488,-0.438179,0.913270,0.000000,0.000000,0.000000,-0.826987,0.000000,0.000000,0.000000,0.000000,0.000000,-0.865954,-0.572475,-0.744424,0.000000,0.582191,0.520244,0.462630,0.000000,-0.014358,-0.256494,0.000000,0.719324,0.000000,0.914060,-0.927630,-0.644683,0.000000,-0.427664,-0.821231,-0.507344,0.000000,0.770823,0.000000,-0.409336,0.000000,0.942714,-0.305782,-0.703523,-0.728724,0.000000,0.253002,0.246509,0.854424,0.774568,-0.730276,-0.137513,0.000000,0.000000,0.000000,0.000000,0.140114,0.049591,0.000000,0.000000,0.197929,0.799918,-0.321704,-0.527658,0.000000,-0.082756,0.000000,0.707993,0.745349,0.000000,0.000000,-0.893529,-0.311321,0.000000,-0.397022,-0.279034,-0.831834,-0.272914,0.847446,-0.224264,0.000000,-0.819224,-0.073151,0.000000,-0.045801,0.000000,0.000000,0.917026,0.000000,0.469319,0.124788,0.159413,0.000000,0.370659,-0.296626,-0.062204,0.000000,0.516298,
0.390570,-0.684543,0.159042,0.718743,0.943972,-0.704855,0.197473,0.000000,-0.656386,-0.788524,0.658139,0.000000,0.115305,0.000000,-0.219784,-0.729895,0.939303,0.265552,0.295812,0.000000,0.000000,-0.895562,0.000000,0.682637,-0.284968,-0.789020,0.000000,-0.479945,-0.050531,0.000000,-0.125443,-0.071971,0.000000,-0.359755,0.292947,0.000000,0.000000,0.000000,-0.386732,0.000000,-0.075113,-0.459169,0.000000,0.000000,-0.700461,-0.585095,-0.653524,-0.508928,0.000000,-0.722919,0.030936,-0.036535,-0.458538,0.000000,-0.477830,0.000000,0.000000,0.000000,-0.598940,-0.841223,0.000000,-0.564413,-0.519903,0.156747,0.000000,-0.525978,0.000000,-0.034676,-0.071745,-0.193739,0.000000,0.000000,-0.502650,-0.900799,0.000000,0.693088,-0.210627,0.341438,-0.585889,0.271537,-0.850742,0.000000,-0.017764,-0.301291,0.091905,0.000000,0.395329,-0.708100,0.000000,-0.842925,0.000000,-0.921405,0.347549,0.179814,0.000000,0.000000,0.000000,0.000000,0.000000,0.000000,
-0.738913,0.000000,-0.408898,0.000000,0.000000,0.000000,0.000000,0.000000,-0.163151,0.000000,0.000000,0.845005,0.278400,0.000000,-0.705605,-0.875199,0.000000,0.000000,-0.765210,-0.678974,0.320868,-0.132469,0.292492,0.000000,-0.208846,0.701923,-0.667108,-0.154307,-0.792203,-0.739002,0.000000,0.000000,0.270473,-0.144382,0.000000,-0.628192,-0.918443,0.000000,0.206503,0.751961,-0.428559,-0.821953,-0.756276,0.876290,0.303212,0.000000,0.000000,0.799604,0.000000,0.841269,-0.309191,0.000000,0.425934,0.704224,0.000000,0.000000,0.820705,0.000000,0.000000,-0.818850,-0.600057,0.000000,0.000000,0.971935,0.232987,0.830099,0.751553,-0.831689,0.470751,0.000000,0.000000,0.000000,0.896880,0.000000,0.000000,-0.784977,0.000000,-0.544085,0.765701,0.000000,-0.729954,0.103734,0.590471,0.162013,-0.209510,0.000000,0.941135,-0.588355,0.884378,0.735231,0.000000,-0.469026,0.327258,-0.335137,-0.122553,0.000000,-0.448693,0.000000,0.000000,0.373609,
0.500791,-0.301351,-0.686311,-0.501791,0.000000,0.202879,0.000000,0.604231,-0.493832,0.000000,-0.772390,0.313036,-0.716743,-0.330280,0.498024,0.000000,0.820053,0.000000,-0.327186,0.177594,0.000000,0.000000,0.375471,-0.207230,-0.353792,0.000000,0.267551,0.717756,0.989108,0.000000,0.142896,-0.353122,-0.022130,0.989683,-0.552301,-0.473171,-0.787792,0.274203,0.338215,-0.556461,0.000000,0.000000,0.000000,0.889165,0.029317,0.000000,0.000000,0.000000,-0.926986,0.651307,0.080569,0.004948,0.152185,-0.193004,0.000000,0.000000,0.000000,0.000000,0.836301,0.618778,-0.360709,0.917604,0.167834,-0.453204,-0.942621,0.890009,-0.633932,0.383180,0.862633,0.000000,0.616232,-0.275787,0.000000,0.461560,-0.716194,0.000000,0.079709,-0.564553,0.000000,0.000000,-0.131528,0.000000,0.000000,0.406380,0.000000,-0.707660,0.677504,-0.349306,0.000000,0.115676,0.000000,-0.339712,-0.489927,0.727960,0.000000,-0.056378,0.413228,0.381705,0.000000,0.000000,
0.524514,0.878187,-0.678853,-0.095400,0.000000,0.957584,0.000000,-0.318452,0.000000,0.000000,-0.018242,0.134153,0.000000,0.000000,0.464663,0.447129,0.552616,0.627521,0.425277,-0.511151,0.020348,0.838022,-0.172957,0.000000,-0.546501,0.545666,-0.796108,-0.047354,0.081182,0.808455,0.046561,-0.324152,-0.634158,0.243151,0.351929,-0.644573,0.000000,-0.757149,0.000000,0.306152,-0.735276,-0.551780,0.130000,-0.527907,0.000000,-0.336182,0.000000,0.000000,0.349135,0.691063,0.000000,-0.575366,0.000000,0.000000,0.000000,0.000000,0.699338,-0.070005,-0.904210,0.000000,-0.558204,0.000000,0.000000,0.000000,0.706828,0.000000,0.000000,0.000000,0.000000,0.822536,-0.094491,-0.347059,0.602016,-0.039148,0.000000,0.392045,-0.929276,0.000000,-0.008947,0.000000,0.315330,0.000000,0.936883,0.000000,0.000000,0.648556,0.000000,0.035512,-0.905383,0.000000,-0.446219,0.754476,-0.502716,0.601975,0.000000,-0.122092,0.000000,0.405283,0.000000,0.000000,
-0.977954,0.000000,-0.489535,0.737928,0.000000,0.000000,0.000000,0.000000,0.163774,0.000000,-0.127307,0.000000,0.000000,0.000000,0.000000,-0.282833,-0.570703,0.865422,0.418260,0.000000,-0.388436,0.276425,0.000000,0.813392,-0.794174,0.711906,0.000000,0.000000,0.266258,-0.958151,0.233378,0.090007,0.000000,-0.608402,0.988965,0.816912,0.007875,0.968950,0.000000,0.177564,0.613145,0.000000,0.000000,-0.835260,0.268773,-0.553542,0.333005,0.000000,0.779892,-0.795320,0.000000,-0.741372,-0.319723,-0.241793,-0.712662,0.958490,-0.254155,0.736588,0.229094,-0.200805,-0.559020,0.000000,0.631528,0.000000,0.000000,0.000000,0.217058,-0.425992,0.000000,0.058612,0.977156,0.296560,-0.842467,0.000000,0.469918,0.609823,0.000000,-0.969234,0.022670,0.000000,0.000000,0.000000,0.708574,0.000000,0.000000,-0.836376,0.425866,-0.116797,-0.434584,0.607789,0.000000,0.581497,-0.490325,0.777045,-0.954247,0.050201,0.000000,0.000000,0.421423,-0.233867,
0.000000,0.000000,0.000000,-0.341138,0.000000,0.537609,-0.791765,0.348207,0.000000,0.000000,-0.552960,-0.546669,0.430748,0.000000,0.000000,-0.478498,-0.365866,0.450446,0.000000,0.000000,0.000000,0.753125,0.000000,0.117842,0.477167,0.000000,-0.242424,0.000000,0.645765,-0.697958,0.000000,0.000000,0.260949,0.475649,0.000000,0.000000,0.929587,0.000000,0.000000,0.586436,0.000000,0.000000,-0.388904,-0.897691,0.649493,-0.551309,-0.844088,0.000000,-0.436715,0.118668,0.764886,-0.027791,-0.477965,0.276162,0.468464,0.917782,0.397376,0.000000,0.000000,0.761012,0.000000,-0.553654,0.000000,0.651635,-0.998663,-0.838627,-0.026792,-0.806575,-0.733643,0.090184,0.979498,0.175762,0.804080,0.460478,0.000000,0.286646,0.000000,-0.797867,0.391914,-0.577700,0.000000,-0.105114,0.939248,0.000000,0.000000,0.000000,-0.477702,-0.801812,-0.020162,0.000000,0.000000,-0.607280,-0.523657,0.187527,0.341600,0.000000,0.521598,0.335435,0.000000,0.986247,
0.000000,0.558430,0.000000,-0.182545,0.806215,0.000000,0.265643,-0.407283,0.000000,0.000000,-0.556661,0.996698,0.000000,-0.674956,-0.067177,0.711988,0.552297,0.000000,0.000000,0.000000,0.000000,0.000000,0.061861,0.000000,0.712814,0.695659,-0.178843,0.000000,0.578708,0.846102,0.960797,0.697129,-0.579405,0.051571,0.000000,0.000000,0.000000,0.000000,0.000000,-0.279849,0.961578,0.175097,-0.502333,0.000000,-0.989580,0.293994,0.000000,0.364004,-0.358351,0.356020,0.033913,0.000000,0.000000,0.406179,0.309711,0.118281,0.174214,0.000000,0.000000,0.529666,0.586647,0.000000,0.713161,-0.646748,0.000000,0.000000,-0.232580,0.000000,0.861944,0.000000,0.000000,0.000000,-0.122150,-0.741344,-0.903569,0.279926,0.000000,-0.949007,-0.505854,0.948051,0.124793,-0.889339,-0.561218,0.000000,0.000000,-0.786628,-0.764643,0.133760,0.000000,0.487895,-0.503081,0.623756,0.000000,0.378636,0.000000,-0.730112,-0.180800,0.899114,-0.573716,0.000000,
0.000000,-0.513386,0.000000,0.000000,0.143974,0.166483,-0.675471,0.527606,-0.886201,-0.194107,-0.250390,0.315238,-0.761730,-0.241962,0.691474,-0.610896,0.444000,0.000000,0.000000,0.699596,0.000000,0.430771,0.000000,-0.934874,0.000000,-0.264417,0.000000,0.000000,-0.641454,-0.074105,-0.873640,0.000000,0.411338,-0.662335,0.965237,0.534134,0.658855,-0.391354,0.000000,-0.464694,0.373513,0.000000,-0.074599,0.252451,0.302713,0.000000,-0.173976,-0.071638,0.000000,-0.403185,-0.548928,0.796970,0.000000,0.629076,0.000000,0.000000,0.000000,0.518410,0.073629,0.829487,0.632361,-0.293514,-0.604044,-0.608194,-0.329863,0.000000,0.000000,-0.654584,-0.057851,0.629365,-0.421662,-0.042181,0.273452,-0.166594,0.770779,0.000000,-0.232057,-0.133583,0.372011,0.000000,0.782277,0.414167,-0.443343,0.604713,0.645780,0.000000,0.000000,0.000000,0.000000,0.000000,0.000000,-0.580817,-0.180811,0.000000,0.000000,0.000000,0.021646,0.000000,-0.436869,0.000000,
0.418538,0.000000,0.000000,0.180360,0.000000,0.000000,0.000000,0.478206,0.000000,0.836184,0.000000,0.669200,0.000000,0.000000,0.307722,0.245489,0.417000,0.575668,0.000000,-0.053955,-0.969036,0.932376,0.000000,-0.607541,0.000000,0.818416,-0.106276,0.068511,0.460489,0.000000,0.893435,0.091113,0.000000,-0.584474,0.000000,0.402542,0.000000,0.809529,0.781394,0.000000,-0.021975,-0.236474,0.142448,0.000000,0.006177,-0.498160,0.431082,0.986422,0.501587,-0.040282,0.099609,-0.496802,0.000000,0.536856,0.000000,0.728967,0.000000,-0.489790,0.650858,-0.896400,0.500343,-0.360725,0.000000,0.000000,0.202587,-0.183035,0.000000,0.685165,0.000000,0.000000,0.000000,-0.722461,0.000000,-0.753359,0.464097,0.072532,0.000000,0.000000,0.381853,0.587462,0.985922,0.141840,0.176063,-0.886934,-0.290888,0.000000,-0.953742,-0.316412,0.175946,0.000000,-0.683414,0.052016,0.000000,0.241626,-0.986836,0.000000,0.000000,-0.521655,0.984667,0.958294,
0.000000,0.000000,0.000000,0.000000,0.630051,0.000000,-0.736756,0.000000,0.000000,0.000000,0.000000,0.277528,0.000000,-0.247661,0.965873,0.000000,0.000000,-0.118827,0.990609,0.363516,-0.653398,-0.387995,0.421461,0.287718,0.000000,-0.351421,-0.197464,0.046354,0.000000,0.780719,0.558570,0.379884,0.345608,0.000000,-0.263349,0.388178,-0.592652,-0.426443,0.078316,0.000000,0.000000,0.000000,0.371943,0.000000,0.000000,-0.474966,0.000000,0.000000,-0.452942,0.000000,0.048201,0.000000,-0.165418,0.000000,-0.513389,0.951702,-0.559836,0.000000,-0.222161,0.000000,0.728614,0.000000,0.321483,0.729938,0.102987,0.813006,-0.044368,-0.306176,0.000000,0.102412,0.000000,0.039197,0.315009,0.061918,0.000000,0.451405,0.701503,0.000000,0.000000,0.397638,0.790934,0.000000,0.621433,0.000000,0.847810,0.106751,0.000000,0.738877,0.953833,0.240465,-0.827158,-0.549395,0.502359,0.834569,0.207866,0.229940,0.000000,0.705317,-0.775319,0.447944,
0.000000,0.000000,-0.079803,0.000000,-0.011230,-0.950142,-0.624153,-0.790301,0.000000,0.000000,-0.245570,0.166453,0.907013,0.870266,0.835020,0.232306,0.000000,0.000000,0.872676,0.000000,-0.142558,0.000000,0.074720,0.000000,-0.919683,0.003759,0.000000,0.633225,0.605115,0.000000,-0.232015,-0.021637,0.000000,0.374656,0.000000,0.517913,-0.727839,0.235651,0.000000,0.856429,0.430645,-0.150907,0.967120,-0.802675,0.487495,0.000000,0.749343,0.578814,-0.201236,-0.626889,0.000000,0.593534,0.009933,-0.832691,0.887987,-0.615810,-0.678555,0.515847,0.080276,-0.795509,0.000000,-0.755149,-0.490134,-0.834928,0.000000,0.000000,0.825044,0.000000,0.595246,-0.409144,0.000000,0.000000,0.000000,0.000000,0.000000,-0.091109,0.000000,0.000000,-0.323363,-0.955974,0.000000,-0.132572,-0.627434,-0.793163,-0.383264,0.408547,0.031776,-0.895307,-0.176324,0.000000,-0.536548,-0.522260,0.000000,0.907923,0.319688,0.000000,0.035978,-0.763563,0.282092,0.000000,
0.000000,0.991520,0.310268,0.000000,0.074241,-0.517409,-0.862212,0.000000,0.000000,0.000000,-0.949428,-0.869920,0.497724,0.000000,0.000000,-0.312980,-0.519822,0.000000,0.748846,0.000000,-0.098296,0.964745,-0.305746,0.000000,0.000000,0.622499,0.000000,0.000000,0.000000,-0.707007,0.842928,0.000000,-0.036732,0.981290,0.000000,-0.122868,0.000000,-0.212540,0.880698,0.000000,0.403060,0.328605,-0.852147,0.000000,0.968606,-0.957666,-0.356215,0.000000,-0.162756,0.000000,0.000000,-0.372595,-0.035942,0.500604,-0.268924,0.000000,-0.894481,-0.109239,-0.616327,0.000000,0.612530,0.000000,0.000000,0.000000,0.000000,0.000000,0.000000,0.197943,-0.314403,0.000000,0.611474,0.577076,0.000000,-0.951136,0.339276,0.000000,0.609553,0.000000,-0.177789,0.102788,0.572116,-0.172918,0.000000,-0.538407,-0.998357,0.000000,-0.283226,0.916979,0.868704,-0.282807,-0.203945,0.000000,0.805335,0.000000,-0.623801,-0.783642,0.536442,0.000000,0.000000,0.056641,
-0.908219,0.000000,-0.261367,0.000000,0.000000,0.000000,0.000000,-0.950543,0.000000,-0.438148,0.467110,0.000000,0.563846,0.000000,0.000000,0.000000,-0.120148,0.000000,0.074230,-0.300339,0.415722,0.983993,0.358874,0.100763,-0.961358,0.448993,0.966660,0.123628,0.000000,0.000000,-0.949075,-0.151421,0.000000,0.000000,-0.792190,0.319492,0.000000,0.994421,0.000000,0.000000,-0.689265,0.000000,0.348699,0.461453,-0.043660,0.751441,-0.409728,0.000000,0.000000,0.401150,0.000000,0.093195,0.000000,-0.736446,0.000000,-0.329054,0.000000,0.654017,-0.656502,0.197352,0.000000,-0.113765,-0.675395,0.915800,-0.588002,0.912969,-0.878017,0.969502,-0.437199,-0.883956,0.000000,-0.779181,-0.805297,0.000000,0.000000,-0.310721,0.984180,0.680611,0.800744,0.000000,0.000000,0.045100,0.499288,-0.895041,0.000000,0.000000,0.000000,0.457590,0.602996,-0.802908,0.000000,-0.997188,0.617856,0.000000,-0.304506,0.000000,-0.056797,-0.518303,0.000000,-0.794901,
0.875738,-0.133805,0.000000,-0.511969,-0.396324,0.427615,-0.002245,0.000000,0.000000,0.000000,0.401211,0.024676,0.329867,0.834872,0.739765,-0.452083,-0.173901,0.709079,0.000000,-0.384536,0.000000,-0.948848,-0.689100,0.000000,0.615909,-0.049245,-0.962871,0.000000,-0.138961,-0.589126,0.890465,0.497746,-0.350930,0.000000,0.000000,0.209612,0.025791,0.000000,0.036922,0.000000,-0.494192,0.000000,-0.041494,0.805790,0.000000,-0.247626,0.000000,0.359824,0.621680,0.000000,-0.333878,-0.135251,0.000000,0.000000,-0.080311,-0.920686,0.000000,0.000000,0.000000,0.305761,0.187547,0.000000,0.000000,0.000000,0.000000,0.012004,0.000000,-0.113884,-0.981111,-0.626002,0.349719,0.798619,-0.100127,0.000000,-0.205571,0.151513,-0.254791,0.000000,0.000000,-0.129113,0.000000,0.453855,-0.599772,-0.073270,0.321345,0.879073,-0.155057,-0.862260,-0.021708,-0.931262,-0.366544,0.406423,0.277582,0.000000,0.304743,-0.539702,0.000000,0.000000,0.000000,0.703862,
-0.003762,-0.714492,0.036865,0.000000,-0.124442,0.000000,0.000000,-0.741215,0.000000,0.000000,-0.494989,-0.929507,-0.283377,-0.499320,0.120055,-0.495568,0.581314,0.000000,-0.743233,-0.566238,-0.219797,-0.833446,0.000000,0.000000,-0.630172,0.612444,0.291229,0.000000,0.000000,0.000000,-0.871351,-0.115257,0.271642,0.000000,0.849870,-0.593719,0.535355,-0.836196,0.333827,-0.021091,0.612495,0.926128,-0.229116,0.000000,0.264153,-0.136103,-0.922032,0.000000,0.000000,0.079000,0.333619,0.000000,0.000000,0.000000,-0.179535,-0.596368,-0.815616,0.000000,-0.657077,0.371349,-0.246402,-0.628084,0.000000,0.000000,0.871730,0.571587,-0.694007,0.686411,0.000000,0.000000,0.153556,0.000000,0.025696,-0.738013,0.000000,0.000000,-0.566761,0.000000,-0.192070,0.955973,0.000000,0.721287,-0.603495,0.114033,-0.755849,-0.133562,0.000000,-0.351305,0.000000,-0.572294,-0.534505,0.000000,0.000000,0.000000,0.000000,-0.700562,0.000000,0.151017,-0.458274,-0.188133,
0.647412,0.000000,-0.207909,0.000000,-0.137382,0.000000,-0.216890,-0.956349,-0.153477,0.231170,0.710489,0.000000,-0.238855,0.575373,-0.520327,-0.890528,0.061471,0.346085,-0.297458,0.844522,-0.888742,0.000000,0.139751,0.000000,0.000000,0.475278,0.000000,-0.290694,0.000000,0.000000,0.000000,-0.256210,-0.495629,0.887976,0.000000,0.959920,0.698532,0.257464,0.339236,0.000000,0.640544,0.297876,0.655096,-0.295693,0.000000,-0.553031,0.000000,0.000000,0.032133,0.151587,-0.420579,-0.552070,0.000000,0.773749,0.000000,0.000000,0.423988,-0.829910,0.000000,0.797885,-0.840815,0.000000,0.000000,0.275123,-0.242514,0.770252,-0.342578,-0.493307,-0.363592,0.735190,0.000000,0.000000,0.823186,-0.485104,0.000000,0.000000,-0.916666,-0.672195,-0.098520,-0.325671,0.000000,0.274677,0.775490,0.569685,-0.423093,0.000000,0.000000,0.096333,0.774996,0.424544,0.637118,0.000000,-0.653686,0.602733,-0.146057,0.008279,0.000000,0.599316,0.000000,0.000000,
0.000000,-0.840728,0.000000,0.000000,0.000000,0.000000,0.000000,0.012556,-0.544989,-0.655456,0.439352,0.000000,-0.259580,0.953565,-0.391112,-0.710219,-0.733444,0.101333,0.237256,0.000000,0.000000,0.000000,0.950811,0.000000,-0.275819,0.000000,-0.185941,-0.720295,0.052941,0.699587,0.758310,-0.598619,-0.558210,0.331902,0.000000,-0.748941,0.000000,0.054047,0.659447,0.000000,0.457430,0.000000,0.000000,0.785071,0.357155,-0.119255,0.548367,-0.700010,0.391772,0.000000,0.749601,-0.208286,0.000000,0.000000,0.000000,0.321681,0.472179,0.000000,0.178736,-0.807842,0.764640,-0.815691,0.683649,0.177906,-0.132383,0.000000,0.000000,0.175358,-0.990511,-0.181333,-0.463800,0.000000,0.000000,-0.044855,0.000000,-0.347685,0.000000,-0.011823,-0.298517,0.878882,0.334106,-0.645507,-0.782659,0.000000,0.000000,0.000000,0.000000,0.005964,0.000000,0.000000,-0.585255,0.630332,-0.690873,0.920204,-0.572374,0.397416,0.218341,0.000000,0.294421,0.000000,
0.000000,0.000000,0.000000,-0.059624,0.000000,0.199950,-0.211373,0.886315,0.000000,-0.944227,0.458326,0.000000,0.564043,-0.248660,-0.968361,0.579607,0.139699,-0.786171,-0.401830,0.380915,0.053620,0.000000,-0.365215,0.000000,-0.147278,-0.217926,0.574291,0.065739,-0.893996,-0.325446,0.260058,-0.561740,0.659547,0.000000,0.000000,0.000000,0.183292,0.426960,-0.238609,0.000000,0.000000,-0.297986,0.000000,-0.567738,0.194845,-0.357456,0.701662,-0.041753,0.000000,0.000000,0.575710,0.223025,-0.682031,0.946818,0.044784,0.096129,0.000000,-0.177818,0.838596,0.976606,0.000000,0.870350,0.000000,0.208464,-0.384541,0.349572,-0.540201,-0.389148,-0.578741,0.653213,-0.817121,0.000000,0.000000,0.099223,0.000000,0.000000,0.667963,0.000000,0.000000,-0.383163,-0.645592,0.898030,0.091222,0.485605,0.432094,-0.825603,0.000000,0.268622,0.586722,-0.788105,0.163395,0.885908,-0.328326,0.000000,-0.529040,0.000000,0.000000,0.000000,0.000000,0.000000,
0.000000,0.000000,-0.004289,0.304327,0.477503,0.000000,0.000000,0.000000,0.000000,-0.804043,0.794629,0.000000,-0.690364,0.000000,0.000000,0.967136,-0.969518,-0.544974,-0.830345,0.778091,0.044804,0.000000,0.000000,0.000000,0.778529,-0.086751,0.714022,0.000000,0.000000,-0.903110,-0.609934,-0.145981,0.000000,0.256110,0.000000,0.000000,0.274587,0.000000,0.000000,0.000000,0.000000,0.712932,-0.950517,-0.687372,0.000000,-0.456500,-0.775344,0.000000,0.681025,-0.486579,0.000000,0.000000,0.484078,0.000000,0.000000,-0.828921,-0.520176,0.000000,0.000000,0.681234,-0.692115,0.000000,0.306724,0.020438,0.000000,0.000000,0.000000,0.528103,0.000000,0.385632,0.000000,-0.291937,-0.537022,0.046268,-0.702574,0.000000,0.576104,-0.629565,-0.293139,0.801651,0.000000,0.609896,0.724860,0.000000,0.000000,0.000000,0.000000,0.000000,-0.180386,-0.372377,0.000000,0.752193,0.000000,-0.461713,-0.726785,0.000000,0.175914,0.000000,0.687621,-0.136828,
0.000000,0.412146,0.665047,0.558576,0.204689,-0.466424,0.000000,0.000000,-0.179599,0.000000,0.157050,0.720836,-0.253146,0.391011,-0.011482,0.845397,-0.115394,-0.802561,0.333609,0.707857,0.000000,-0.009137,0.000000,-0.456435,0.000000,-0.319519,0.000000,0.907770,0.000000,-0.756131,0.000000,0.608036,0.000000,0.000000,-0.037573,-0.350601,0.998176,0.000000,-0.622904,0.000000,0.000000,0.000000,0.000000,0.000000,0.000000,0.000000,0.000000,-0.667909,0.481457,-0.988628,0.000000,0.208777,-0.605927,0.053516,-0.557661,-0.386323,0.000000,0.000000,0.556255,0.632358,-0.955733,0.000000,-0.753602,-0.853904,-0.436187,0.804701,0.000000,0.000000,-0.444650,0.222692,0.722695,0.754792,0.727764,0.507845,-0.949167,0.278044,0.890017,0.575680,-0.287767,-0.758238,-0.123977,0.821065,0.858055,-0.356722,-0.399028,0.000000,-0.707512,0.000000,0.861366,0.000000,0.351719,0.815916,-0.365392,-0.449334,0.000000,-0.769524,0.000000,-0.682914,0.000000,-0.183202,
